Ticker,Close,Aligned_Momentum,Vol_Ratio,ATR_Ratio,Return_1M,Inval_Level,Z_Return_1M,Z_Vol_Ratio,Z_ATR_Ratio,Composite_Score,Volume_Confirmed,Vol_Expansion
TEJASNET.NS,435.8500061035156,False,6.146525568081587,1.1512808505552155,0.33778398537104515,312.45001220703125,2.8177269262450544,5.312763702203813,0.9220715367866985,2.997541342195175,True,False
FINCABLES.NS,913.7000122070312,True,4.1940294910771,1.47776716915386,0.28545304994175136,701.3499755859375,2.4060717652122197,3.962156060201581,2.6556230521627273,2.9477624397941806,True,True
J&KBANK.NS,121.38999938964844,True,4.7128114545369675,1.4306654134482022,0.16329660914900046,98.61000061035156,1.2898993625945394,4.621694283224742,2.4055258342122485,2.624125780268913,True,True
SCHAEFFLER.NS,4357.2001953125,True,4.854760654508585,1.2482509890897837,0.20657960074975623,3550.0,1.6853863333508399,4.802157232407597,1.436955992969611,2.5458885009534984,True,True
APARINDS.NS,11180.5,True,1.8376313781977047,1.500142471631384,0.4529564652371669,7866.5,2.8177269262450544,0.9664184795448553,2.7744296829685724,2.24934521925205,True,True
KSB.NS,770.25,False,8.3824199164168,1.1220707359159265,0.1303932673943471,687.0,0.9892537168790537,5.312763702203813,0.7669739550117756,2.219622783916298,True,False
CONCORDBIO.NS,1220.5999755859375,False,6.677589441357318,1.28228534568923,0.023907390809224438,1068.5999755859375,0.01626698002318266,5.312763702203813,1.6176689573322875,2.085636589870103,True,True
NATCOPHARM.NS,988.5,True,2.7634862764801422,1.3553279518762495,0.21763260909297788,809.1757109828295,1.7863802948525334,2.1434769306868784,2.00550487396738,1.9592466593372908,True,True
IDFCFIRSTB.NS,73.4800033569336,False,5.252472011241167,1.6641575706306997,-0.11968369135822776,66.80000305175781,-1.2957588299726572,5.307775892983545,2.7746004940438507,1.906409384119156,True,True
REDINGTON.NS,280.45001220703125,True,5.448638463034898,1.024546803436843,0.06695836292499213,238.3000030517578,0.4096339336577284,5.312763702203813,0.2491490070623438,1.832427386242938,True,False
BHARATFORG.NS,1911.199951171875,True,1.3373566856942696,1.3134279529396877,0.3306802821459849,1382.8189452598913,2.8177269262450544,0.3304089322647885,1.783027537206377,1.7611217113393716,False,True
SCHNEIDER.NS,906.4500122070312,True,0.5367491573511967,1.5017509464487964,0.32145199515420275,677.2000122070312,2.7350026746978253,-0.6874199511081089,2.7746004940438507,1.7201552327598528,False,True
VMM.NS,117.77999877929688,False,7.21335983432218,1.1722247346846362,-0.03316369172260791,115.3499984741211,-0.5052050512192947,5.312763702203813,1.0332777344192874,1.7017304104992121,True,False
ENGINERSIN.NS,221.75,True,0.6143838858047886,1.6841471865479554,0.3046419862765162,165.99000549316406,2.581405632452097,-0.5887213176635621,2.7746004940438507,1.6883260058949254,False,True
NETWEB.NS,3861.39990234375,True,2.0080051929144354,1.2596505827297582,0.25860492253707634,3015.0,2.1607540506767773,1.1830182284230613,1.4974846635554746,1.6684524878642717,True,True
VTL.NS,542.5499877929688,True,1.1762750809152975,1.3219654624507993,0.3119332699982569,434.04998779296875,2.6480278229567293,0.1256225617651111,1.8283593373689402,1.645405698922907,False,True
FORCEMOT.NS,24341.0,True,0.6418619389768027,1.351082442586841,0.32036886357472194,18400.0,2.725105844292695,-0.553787901242642,1.9829624008438902,1.5187946875974525,False,True
BANDHANBNK.NS,181.97999572753906,True,1.5859342534432608,1.3615649993496581,0.19731554148620534,145.52000427246094,1.6007384243328178,0.6464307272847923,2.0386218607538655,1.4458111461447245,True,True
KIMS.NS,745.0499877929688,True,1.2270569214261098,1.3716718898027591,0.22712667023605615,578.5999755859375,1.873129785652184,0.1901825642543605,2.0922866370786934,1.4339926746607898,False,True
AEGISLOG.NS,688.4500122070312,False,4.666075807020338,1.0288777588858689,-0.012266840449022598,677.0,-0.3142655596802928,4.5622782894431095,0.27214517552021555,1.3246208156168802,True,False
PRAJIND.NS,317.95001220703125,False,1.235182392597034,1.4944656300455896,0.13960577851982525,275.3999938964844,1.0734306183206457,0.20051264354539172,2.7442872335825035,1.3128122104666269,False,True
TECHNOE.NS,1173.199951171875,False,1.3525391102436857,1.2230128211993743,0.2454351923268312,975.0,2.0404190989116446,0.3497106621123794,1.3029483433396778,1.311965341200275,False,True
BLUEJET.NS,405.29998779296875,False,3.6924708188642907,1.299947768428774,-0.033043078385290636,352.54998779296875,-0.504102978519505,3.3245141630027333,1.7114515079664794,1.3091485098829616,True,True
ELGIEQUIP.NS,534.75,True,0.7312615500684158,1.30361496616242,0.26988836915035974,424.3999938964844,2.2638535813640224,-0.4401323295548928,1.730923307629119,1.292778725967877,False,True
DATAPATTNS.NS,3210.199951171875,True,1.514288116732188,1.128073037571346,0.25276095655487807,2453.0,2.1073563459889595,0.5553455141872653,0.7988445068166974,1.2491995446967727,True,False
MAHABANK.NS,74.76000213623047,True,1.8957124618899917,1.2851472057904767,0.13911329064297684,59.790000915527344,1.068930639660539,1.0402581606204944,1.6328646382312755,1.2295090955197465,True,True
IRCTC.NS,569.5499877929688,False,3.7056270188846843,1.3189555232879702,-0.06925091187209642,558.0999755859375,-0.8349425497633587,3.3412399117649274,1.8123773978521225,1.2121081729797716,True,True
CCL.NS,1014.9500122070312,True,2.8175198086230386,1.1443569698274134,0.09159218958389315,942.4544324259467,0.6347190565468415,2.212170875895611,0.885307656512991,1.1831311823413173,True,False
SARDAEN.NS,551.5999755859375,True,3.089038264859003,0.9835144077036612,0.1316031629345007,467.0,1.0003088196898897,2.5573578961797376,0.031278401923113354,1.1767144173068111,True,False
LINDEINDIA.NS,6730.0,True,0.6976453530137898,1.5301826388384292,0.15111605233900627,5821.0,1.1786027230428149,-0.4828692950467927,2.7746004940438507,1.1589604489162433,False,True
USHAMART.NS,418.3999938964844,False,3.679563767442672,1.0723160774585276,0.024234991178664345,393.6499938964844,0.019260342379544628,3.308105161999094,0.5027905615511998,1.150972854016906,True,False
AMBER.NS,7974.0,True,0.8432879033047439,1.0451004149265248,0.4375338020551649,5813.5,2.8177269262450544,-0.2977109133350734,0.3582829655611977,1.145262386165859,False,False
SUNTV.NS,647.6500244140625,True,1.4109995298026423,1.1902029993983674,0.20705616837430574,526.1459462583634,1.6897408448858124,0.4240326007086226,1.1287373180615452,1.1417273135853754,False,False
RRKABEL.NS,1562.5999755859375,True,2.574417535374712,0.9472930274465372,0.18639435468122656,1314.5999755859375,1.5009489475238877,1.9031099358394405,-0.16104704957900445,1.122998444887686,True,False
AADHARHFC.NS,458.95001220703125,False,2.464843675727749,1.4635358832020873,-0.032057327607540875,434.20001220703125,-0.49509593962050913,1.7638064253639112,2.5800588832464384,1.1051212167349012,True,True
ABCAPITAL.NS,344.45001220703125,False,3.9199935970513455,1.0275246781861305,0.0004357374945731518,317.0,-0.19819908908955008,3.6137685692700625,0.2649606934643501,1.0843391431845038,True,False
CENTRALBK.NS,40.06999969482422,True,2.6443482923366046,1.099939654623309,0.09152821286156754,35.52000045776367,0.634134486045226,1.9920143512391468,0.6494640707495483,1.0460973210146989,True,False
TORNTPOWER.NS,1566.4000244140625,True,1.31078899441984,1.2740559177681583,0.15419419304532278,1283.8962499656313,1.2067284255065402,0.2966328777232919,1.5739729846970931,1.0438731289287315,False,True
KEI.NS,5080.39990234375,True,1.2820387579336954,1.0184395848221979,0.26841930452380947,3928.39990234375,2.2504303890773447,0.26008210838446066,0.2167213753943664,1.043213200764586,False,False
GODREJAGRO.NS,640.25,False,0.40487333989526936,1.329712776944587,0.2227846253879684,514.0,1.8334554909616054,-0.8550764010828539,1.8694954218408608,1.0377079026120444,False,True
SAILIFE.NS,998.25,True,1.6049524824157806,1.0728091100717212,0.20598006644518274,783.8499755859375,1.6799082460650223,0.6706089945050513,0.5054084275536714,1.0247685250436258,True,False
ENDURANCE.NS,2661.699951171875,True,1.8027054655656585,1.1932794851235538,0.12436104265257186,2380.10009765625,0.9341358472074889,0.9220164455936808,1.1450726013096184,0.9937810529539853,True,False
TARIL.NS,310.1400146484375,False,0.6885780327478931,0.9684979320985408,0.3305019585057829,224.0500030517578,2.817694338536271,-0.4943967665414991,-0.04845490559371673,0.9642222337739438,False,False
AUBANK.NS,958.3499755859375,False,3.1648894794405886,1.201570325600095,-0.029911983093280692,950.0,-0.4754934174335124,2.653789111609141,1.1890946575278984,0.962667763767707,True,True
TIMKEN.NS,3472.89990234375,True,1.5197163333834511,1.0935865592857372,0.17857262696957332,2989.39990234375,1.42947996434232,0.5622465181089944,0.6157309020916765,0.9251852117971293,True,False
ABB.NS,6073.0,True,1.5609944106242297,1.2280005495092579,0.1094263792473511,5368.5,0.7976742817991357,0.6147241900998056,1.3294317929586246,0.9023165076371833,True,True
CUMMINSIND.NS,4898.2998046875,True,1.328382098084371,1.0325541771596027,0.2162176120825985,3957.205845536824,1.7734511312118575,0.31899935371058713,0.2916659336853448,0.8925800387035225,False,False
THERMAX.NS,3117.800048828125,False,1.202330036706846,1.2877834079061972,0.11541217204193255,2749.800048828125,0.8523678917450473,0.1587467650992045,1.6468621380106236,0.8826298276309674,False,True
EICHERMOT.NS,8010.5,True,1.0539138674435782,1.2663007565439024,0.13519450152341816,6738.0,1.0331237330533731,-0.029937775687404473,1.532795236269536,0.8641067313959887,False,True
POWERGRID.NS,298.6499938964844,True,1.0798895891903588,1.202328466562894,0.15931941762524726,247.224610170096,1.2535588193540088,0.0030856957693882426,1.1931201751072265,0.860285289004588,False,True
SIGNATURE.NS,989.7999877929688,False,0.6426013605943434,1.2489020389194896,0.1826980032483041,842.0499877929688,1.467174506871969,-0.5528478592711646,1.4404128864275552,0.8531393108957048,False,True
POLYCAB.NS,8610.5,True,1.7458136538874283,0.8751039818611465,0.22700391877449233,6800.0,1.872008176403508,0.8496887105880457,-0.5443507969006323,0.8404046446676272,True,False
POWERINDIA.NS,25562.0,True,0.6949797608352172,0.8717284899478178,0.39515336753629526,18273.0,2.8177269262450544,-0.48625811742804004,-0.5622737198169945,0.8125312193245114,False,False
TATAINVEST.NS,658.7000122070312,False,0.8001334079869746,1.4362667725546834,0.07070871121075517,589.4500122070312,0.4439017563742989,-0.35257411437530134,2.4352674926342135,0.8023687160273931,False,True
JBCHEPHARM.NS,2053.5,True,1.3439091105186012,1.1892062477217795,0.11980024716152005,1818.510908948726,0.8924627759550946,0.3387391652519013,1.1234448439792646,0.7956403131513876,False,False
PCBL.NS,309.3999938964844,False,0.8288865916582093,1.2062366141049938,0.1655678269668921,256.95001220703125,1.3106520190423903,-0.3160195982192057,1.2138713512146975,0.7936163335156037,False,True
AARTIIND.NS,447.1499938964844,True,0.5073341346410357,1.0626705709207005,0.25975483453618176,360.8500061035156,2.1712610696314143,-0.7248158769014048,0.4515756054483225,0.786532346416641,False,False
WHIRLPOOL.NS,921.8499755859375,False,0.6066278765262365,1.1913861873152427,0.19132849590142365,756.8499755859375,1.5460333673454019,-0.5985816924214119,1.135019716708685,0.7793447542243427,False,False
SCI.NS,263.4700012207031,True,0.5773830459946069,1.1761774254455026,0.19894495327163164,207.28597610345193,1.6156267466807033,-0.6357612493836629,1.0542654226254091,0.7718019506448053,False,False
BLS.NS,278.70001220703125,False,1.9467598965198039,1.0690035848739488,0.10187168557878201,247.42284883771555,0.7286452520700071,1.105155818397762,0.4852021475425633,0.7685654906101005,True,False
TIINDIA.NS,2753.39990234375,False,1.3779910392492192,1.0085626509781296,0.18505729408180938,2266.380445338998,1.4887319073742906,0.3820682250408751,0.1642776046840171,0.7593965118671839,False,False
AKUMS.NS,488.1499938964844,True,0.48453988313765917,1.364634251605191,0.12270010947865617,424.20001220703125,0.9189595064489843,-0.753794679540219,2.054918736290605,0.7579210196047096,False,True
SIEMENS.NS,3418.60009765625,True,1.476030432135199,1.166911231097974,0.10409199487953624,2972.60009765625,0.7489327453097766,0.5067077297357812,1.0050645087191996,0.7531047696604047,False,False
INDGN.NS,496.29998779296875,False,1.369930599971879,1.2896914495782779,0.05741979618406412,460.5,0.322477784643746,0.3718208221390695,1.6569933084260746,0.7376353530270416,False,True
UNIONBANK.NS,202.27000427246094,True,1.3393602197394272,1.1336435928655308,0.12722916585174215,165.11000061035156,0.9603425698448382,0.3329560664694878,0.8284226055657343,0.7325506295485019,False,False
IOC.NS,187.47000122070312,True,1.4745240174137153,1.0407378486273071,0.14948804604975208,159.0500030517578,1.1637272430471552,0.5047925935928106,0.3351189522837094,0.7174643609818181,False,False
TORNTPHARM.NS,4333.2998046875,True,1.4813338161511427,1.1285200687343062,0.11015292408136479,3877.3141046125475,0.8043128944480288,0.5134500313504278,0.8012181179171454,0.7161256025594834,False,False
AUROPHARMA.NS,1220.4000244140625,True,1.1907368345284475,1.307452314011586,0.06066404511487988,1106.0,0.35212125739310396,0.14400808776953158,1.7512985570652966,0.70944049640769,False,True
MOTHERSON.NS,133.33999633789062,True,0.890843981553913,1.1261128641641747,0.17088162586769462,109.62000274658203,1.359205461232136,-0.2372518890212225,0.7884365313922239,0.7090375772041548,False,False
KPIL.NS,1240.0999755859375,True,1.8218988345849758,1.0075442602725797,0.12145046195298792,1075.0,0.9075411803083527,0.9464173719720853,0.15887023337844905,0.6946027537285013,True,False
PETRONET.NS,323.3999938964844,True,1.6020856035102917,1.1244406831904283,0.0925675469475824,281.0,0.6436311283539016,0.6669642721512932,0.779557715662783,0.6914090476857835,True,False
KIRLOSENG.NS,1393.199951171875,True,0.3240564095969843,1.0723075184281368,0.24779006424868744,1099.3643005857493,2.0619361227690653,-0.9578206334452056,0.5027451154811534,0.6882517937184106,False,False
GODFRYPHLP.NS,2115.39990234375,False,1.3431242701842017,1.2863273700734172,0.0441263091528874,1877.300048828125,0.20101203742269563,0.33774138152778227,1.6391309822234699,0.6734665240944538,False,True
VOLTAS.NS,1561.300048828125,True,1.4793312841204969,0.9850871450341007,0.15729010235140306,1270.0,1.2350164838850315,0.510904171027469,0.039629199574219474,0.659166604734519,False,False
SBIN.NS,1201.699951171875,True,1.2562659916036625,1.1001246447632114,0.1270868563172134,990.0,0.9590422538398896,0.2273166583400201,0.6504463169237036,0.6469457941150729,False,False
WAAREEENER.NS,2709.300048828125,False,2.6000766858772866,1.101919773947661,-0.014262307139121355,2570.0,-0.33249861260305974,1.9357309437362602,0.6599779534448157,0.6457132241130988,True,False
PFIZER.NS,5062.2001953125,False,0.33700866767613225,1.3763583722086237,0.10066967740866972,4460.0,0.717662218031904,-0.9413541602843293,2.1171705547611888,0.6398098055558195,False,True
IDBI.NS,116.01000213623047,True,0.9705420529291542,1.0274847420683744,0.18607509489747076,96.69999694824219,1.498031795079192,-0.13593008511223592,0.26474864379025814,0.6378582856350834,False,False
MGL.NS,1219.800048828125,False,1.2363788902843011,1.0095595406223379,0.16439315664257803,1015.4225336490347,1.2999187773920562,0.20203377576295878,0.16957081133597612,0.6314488870865029,False,False
SUPREMEIND.NS,3975.199951171875,True,1.2208187796122403,1.0841328849952647,0.13324587942231703,3452.60009765625,1.0153187102623926,0.18225188574840998,0.5655345218498857,0.6304634063844458,False,False
JSWCEMENT.NS,125.08000183105469,False,1.7109989454519527,1.099269751408843,0.07438587698259735,111.0999984741211,0.47750089308575544,0.8054280528283445,0.6459070710639955,0.6264008944020042,True,False
LTTS.NS,3512.39990234375,False,2.6604582043903022,1.1905298629313166,-0.06483133372325811,3140.0,-0.7945598148954139,2.0124952151035997,1.1304728724801725,0.6250665003169661,True,False
NEWGEN.NS,508.75,False,1.9333135729383735,1.5518042509029892,-0.12503226533796286,458.6499938964844,-1.3446300203151118,1.0880612295613536,2.7746004940438507,0.6209465089555166,True,True
JUBLFOOD.NS,519.9000244140625,False,1.4496679564165131,1.1734964829121093,0.0644963777871268,488.45001220703125,0.38713819091418866,0.47319256996801423,1.0400303636760833,0.6088221564589047,False,False
LT.NS,4278.2998046875,True,1.3895045525527365,1.131144262809319,0.08782321211325872,3825.0,0.6002810145450515,0.39670559225833196,0.8151518583412622,0.6036696409978988,False,False
GESHIP.NS,1338.9000244140625,True,0.8150966831703388,1.1561892679530807,0.1366854575813652,1172.0417012217777,1.0467469525463142,-0.33355099364221896,0.9481338675290403,0.603073643184572,False,False
MANKIND.NS,2247.60009765625,False,2.343858125347678,0.9420119899802074,0.06987816327880103,2012.300048828125,0.436312842726502,1.6099949968073282,-0.189087889212986,0.6007972693689034,True,False
LTF.NS,283.95001220703125,False,2.9653154778443973,0.9935800180989564,-0.01798368251501581,269.0,-0.36650170296324386,2.4000665621655806,0.08472399262610192,0.5988364852522071,True,False
ASTERDM.NS,654.5999755859375,True,0.6426376592645439,1.0149376624892215,0.214020698750647,519.0999755859375,1.753377412493846,-0.5528017120221692,0.19812714212567215,0.5949485940285894,False,False
BALRAMCHIN.NS,470.6000061035156,False,1.0806461337640372,1.057114475466212,0.1486453309298661,411.5,1.1560271549144205,0.004047506508593397,0.42207428442499717,0.5902473992458455,False,False
JYOTHYLAB.NS,253.4600067138672,False,1.4318687542994608,1.229305357391644,0.036646244228495606,236.75,0.13266490824790653,0.45056407676208393,1.3363599597850135,0.5891431742632918,False,True
NEULANDLAB.NS,12825.0,False,1.7068381569455382,1.1894042482155778,0.021505376344086002,12552.0,-0.005680796445064694,0.8001383564796237,1.1244961715128117,0.5751180398197047,True,False
GRAPHITE.NS,718.0999755859375,True,1.4498949233954739,1.121689332646793,0.07717685335284563,574.75,0.5030027068305944,0.4734811177752479,0.7649488097682815,0.5727300609952966,False,False
ABSLAMC.NS,893.5999755859375,True,0.9433586698256282,1.0377615739680326,0.16581862437826156,749.0,1.3129436145358564,-0.17048888139013368,0.3193157619144881,0.5698255099716489,False,False
MAHSEAMLES.NS,562.0,False,1.8623461105758754,0.9976476796787536,0.08651522474625417,503.6499938964844,0.588329623422745,0.997838829177833,0.10632214389308606,0.5665801412903737,True,False
GVT&D.NS,3850.199951171875,True,0.6903512661614101,0.9700160016490965,0.21922799019510064,3152.0,1.800957670767311,-0.4921424182855255,-0.04039437864389645,0.5606220292280978,False,False
ASTRAL.NS,1667.9000244140625,True,1.1847467875908824,1.0292690417698935,0.1417716105308704,1424.0999755859375,1.0932203396300275,0.13639281740299994,0.27422277877003365,0.5604728147039211,False,False
UCOBANK.NS,29.6200008392334,False,1.8870831271271682,1.1069247892459282,0.031337101232464804,27.479999542236328,0.08415400816549196,1.0292875091402702,0.6865531921624218,0.5484138136570044,True,False
ENRIN.NS,2930.89990234375,False,0.7396017512563555,1.0299075715711632,0.183007024154894,2360.0,1.4699981042650263,-0.4295292595590428,0.2776131943603559,0.5424244221464045,False,False
TATACOMM.NS,1597.5,False,1.2927246229528033,1.2118929524633477,0.04507394054330782,1516.5999755859375,0.2096707704291362,0.2736672692469644,1.2439049341675503,0.5391399691960088,False,True
FLUOROCHEM.NS,3483.300048828125,False,0.6912323966733979,1.070087158896915,0.1687357948471615,2918.0,1.3395984937218144,-0.491022218870241,0.49095562412803817,0.5358194190660649,False,False
UBL.NS,1605.0,False,0.9136201508638065,1.114801184206368,0.12418579175729105,1441.800048828125,0.9325345381682189,-0.20829607464838154,0.7283746579989612,0.5290373902724614,False,False
FORTIS.NS,942.6500244140625,True,1.1314151001382868,1.0738744869384698,0.11920454071126452,812.5999755859375,0.8870196646830116,0.06859114184217914,0.5110652823025191,0.5287047931166142,False,False
ONESOURCE.NS,1346.800048828125,False,0.5861179842821795,0.9922334235377507,0.2089767045135773,1102.0,1.7072892395752233,-0.6246563419617063,0.0775739501612447,0.5187909782899509,False,False
FINPIPE.NS,185.25,False,0.44303710935197965,1.3257617834280064,0.07347738388837466,170.00999450683594,0.46919977598411594,-0.8065580128885591,1.8485167455296834,0.5002675301859836,False,True
SUNDARMFIN.NS,5509.5,True,1.1472812476275263,1.1610728006579203,0.06815819689535707,4910.689220534184,0.4205971015165288,0.08876210278208445,0.9740640674749382,0.4870866916837183,False,False
STARHEALTH.NS,465.5,True,1.2878071052703177,1.2064050656335745,0.03329633740288562,450.04998779296875,0.10205601422790044,0.2674155274702046,1.2147657819641753,0.48547679852147413,False,True
POONAWALLA.NS,454.79998779296875,False,0.8780059143462781,1.0608433535668849,0.13728430791298152,373.79998779296875,1.0522187902088296,-0.2535731889690964,0.4418735896755806,0.47737763629547714,False,False
3MINDIA.NS,37505.0,True,0.7730147893278113,1.2059344756935524,0.08380291865337375,33840.0,0.5635466386805719,-0.38705057427769146,1.21226708031215,0.4729836072825663,False,True
JKTYRE.NS,501.1000061035156,False,1.0044453047521686,1.3433093105660625,-0.006148365784336196,498.6499938964844,-0.25835960398512897,-0.0928281809655866,1.9416892324867077,0.4513144738622846,False,True
RHIM.NS,434.6499938964844,False,0.8871228773641876,1.2222670955471795,0.05497571334098139,418.5,0.3001456194181021,-0.24198260561863053,1.2989887476054192,0.4371600903632774,False,True
CGPOWER.NS,725.2000122070312,True,0.656053914860502,0.8726339108345186,0.23123940951957778,586.4000244140625,1.9107088609562581,-0.5357453492365973,-0.557466186818582,0.43632008356594953,False,False
COLPAL.NS,2254.5,True,1.38327991299133,1.0726407687073172,0.06711793065999316,2080.300048828125,0.4110919419379347,0.38879207944475996,0.5045145817453214,0.4324287751321983,False,False
HYUNDAI.NS,2165.39990234375,False,1.0373088536178907,1.2877026413318196,0.007162745276162896,2125.0,-0.1367328218237603,-0.05104807265846746,1.6464332899718912,0.423922436464523,False,True
UPL.NS,637.4000244140625,False,2.4921617212570175,1.1943523019732334,-0.10971434660755963,620.5,-1.2046665600058528,1.798536420764442,1.150768960297847,0.40292499031634554,True,False
RBLBANK.NS,319.75,True,1.0200179066904111,1.109454809381408,0.07950704531540764,287.79998779296875,0.5242942240402838,-0.07303041054639575,0.699986895169085,0.3978046350029203,False,False
DRREDDY.NS,1286.300048828125,True,1.4462527311103133,1.040293509365299,0.06402516572995953,1167.0999755859375,0.38283261446993766,0.4688507235116483,0.3327596344283655,0.39361615316997917,False,False
APOLLOHOSP.NS,7821.5,True,1.0645805022797448,0.929967728425148,0.15157828037292065,6821.9430298635025,1.1828262103335652,-0.016377062553578462,-0.25303956706575964,0.39230549524762465,False,False
BSOFT.NS,390.1000061035156,False,1.5858879644523962,1.257904652955899,-0.04830443544229235,362.1499938964844,-0.6435496213896922,0.646371879134836,1.488214262216133,0.3829559938494138,True,True
MFSL.NS,1813.4000244140625,True,0.8524803020503864,0.9912791275455198,0.14410096177543386,1601.9000244140625,1.114504174999756,-0.2860244269861886,0.07250690395070274,0.38174641308925666,False,False
ATHERENERG.NS,710.9000244140625,True,0.8227962969404531,0.9109430777617358,0.18217353167992179,599.2999877929688,1.4623822856285627,-0.32376231565881664,-0.3540551689709682,0.38160766886248965,False,False
CROMPTON.NS,257.8500061035156,False,0.4651877997813892,1.0357782971115568,0.16305823027915056,219.14999389648438,1.2877212382634198,-0.7783973827326514,0.3087851136021452,0.37420481456621607,False,False
PREMIERENE.NS,731.0,False,1.954178917785883,0.992920157892614,0.02395289956737634,666.9000244140625,0.016682804351371254,1.1145877733365335,0.08122031851947778,0.36541554929735187,True,False
CHOLAFIN.NS,1730.800048828125,True,1.64037611826716,1.0047241160174945,0.05045454430956875,1525.8588864780584,0.2588346245357761,0.7156437942629763,0.1438960520162217,0.36139580369806984,True,False
BAYERCROP.NS,4672.39990234375,False,0.3832749107407531,1.2573544749144716,0.07108637909825277,4332.2001953125,0.447352597530476,-0.8825349300757633,1.4852929698889783,0.35976845095615495,False,True
MARICO.NS,788.6500244140625,True,0.9531382184702553,1.0920167832572807,0.08041648225958586,708.2999877929688,0.5326039653230613,-0.1580559392499915,0.6073958281301941,0.34784355279328527,False,False
ALKEM.NS,5639.5,True,1.2251493541794964,1.2217182365765298,-0.004907614655968562,5288.863689499219,-0.24702256633886774,0.18775743462237038,1.296074459177097,0.34634054160429306,False,True
MRF.NS,140985.0,False,1.1160201328053225,1.0532632719851271,0.07694154016518806,131197.39468470824,0.5008525943655384,0.04901920196484302,0.4016254654383019,0.33553443796715887,False,False
LLOYDSME.NS,1233.0,False,0.9741380702832593,1.061443772685149,0.0878771602616013,1042.9000244140625,0.6007739515851416,-0.13135839399200214,0.44506164814245586,0.33442055687919275,False,False
KAJARIACER.NS,957.0999755859375,False,0.9674252974264088,1.0933952628105794,0.07376451652088578,869.5999755859375,0.4718233750200736,-0.139892480744052,0.6147151710318902,0.33117615709438086,False,False
MAXHEALTH.NS,1091.949951171875,False,1.0905668121658552,0.8897559187297224,0.14628383283363444,933.7999877929688,1.1344495861285069,0.016659869823389833,-0.466553088651368,0.3188118688030093,False,False
ZYDUSLIFE.NS,921.7000122070312,False,1.1770338833313958,1.1105468786032031,0.0348040861964134,863.6500244140625,0.11583267293287207,0.12658724294600926,0.7057854788967713,0.296044885725983,False,False
LAURUSLABS.NS,1075.800048828125,True,0.9248330593773793,1.0089739009806264,0.10531188977776829,917.9500122070312,0.7600792146294811,-0.19404087250788707,0.16646122777758765,0.29575779243270267,False,False
INDIANB.NS,990.5,True,1.1173572619161547,0.99809373549452,0.0890599230346345,806.2000122070312,0.6115811358607787,0.05071912181523507,0.10869057617129958,0.29245536374027187,False,False
SAIL.NS,165.7100067138672,True,1.4545801320240899,0.9970606244758752,0.05426908280674758,141.3000030517578,0.29368896845446685,0.4794375202546282,0.10320504409874438,0.29226835668779855,False,False
BAJAJHLDNG.NS,10804.0,False,1.506746957872024,1.086304363382158,0.007178148596998168,10400.0,-0.13659207802414217,0.5457582832029856,0.5770644679265324,0.28220999412919856,True,False
SYRMA.NS,822.25,True,0.7011222965658398,0.9842132968403978,0.13562601182600953,748.2000122070312,1.037066545139842,-0.47844898490999227,0.0349893087913398,0.28178871522034105,False,False
IPCALAB.NS,1528.9000244140625,True,1.2928700027766453,1.0771787377488211,0.03325003369988799,1391.800048828125,0.10163292629991598,0.2738520936191162,0.5286099347830683,0.28139177904062174,False,False
CHENNPETRO.NS,961.9500122070312,True,1.4042694550230246,0.8899913262565656,0.0995599691967275,828.0999755859375,0.7075225506259948,0.41547651766487304,-0.4653031401798925,0.26806103349589205,False,False
HOMEFIRST.NS,1083.0999755859375,False,2.7987841754280605,1.055717390138733,-0.11885777854664825,1072.300048828125,-1.2882122685202206,2.188351878522959,0.4146561500389788,0.26561750116049304,True,False
ADANIPORTS.NS,1521.0,True,0.8784211845468699,1.074968553326049,0.07278879081516076,1348.0,0.4629079375843788,-0.25304524738773104,0.5168744704248592,0.26431194194489,False,False
NAM-INDIA.NS,931.2000122070312,True,0.5952315290798952,1.1195779222907747,0.08077998908224404,841.9500122070312,0.535925413467598,-0.6130701042651593,0.753737808223204,0.25657047657445264,False,False
MEDANTA.NS,1138.800048828125,False,1.033867185051559,0.9671780797209847,0.10124753477811743,1050.0999755859375,0.722942238014813,-0.055423536977493755,-0.05546295450371672,0.2559109477615621,False,False
LTFOODS.NS,402.29998779296875,False,0.987544784319817,0.9393811807331124,0.11786612910994476,350.0,0.874790280108268,-0.1143141615879298,-0.2030567543603594,0.2547048372588204,False,False
APLLTD.NS,711.2000122070312,False,1.7322485507403806,1.1870597208323046,-0.06825622483839033,705.0,-0.8258538581719919,0.8324431148370636,1.1120473834118003,0.2530056062058624,True,False
TATASTEEL.NS,212.3300018310547,True,0.95587019436132,1.1027726729675749,0.049476048559027985,182.5500030517578,0.24989387654291964,-0.15458272188422553,0.6645066099434426,0.252934717034933,False,False
PGEL.NS,627.9000244140625,False,0.634806157480306,0.8611494498361995,0.18740551987284193,526.25,1.510188203956412,-0.5627580619614218,-0.618445479465106,0.24971421915460654,False,False
LUPIN.NS,2301.89990234375,True,1.2051051203587813,0.969214727846429,0.0796396965011894,2078.199951171875,0.5255062894195897,0.1622747862515429,-0.044648919602327565,0.24549027576260052,False,False
HEROMOTOCO.NS,5710.0,True,0.9660658094861627,1.1050047059839745,0.04324299152297262,5314.414466463076,0.19294095451574306,-0.14162082583598903,0.6763580842550064,0.23759755933200244,False,False
BALKRISIND.NS,2383.89990234375,False,1.277765477862997,1.105020708391963,0.010084862217341506,2226.10009765625,-0.11003274554617193,0.25464939918710877,0.6764430525891687,0.23531463731441446,False,False
BAJFINANCE.NS,995.9000244140625,True,0.8478896408617129,1.0810423614665912,0.06496283849007445,887.0,0.39140035310684074,-0.2918606293527601,0.5491247017709516,0.23373936296819378,False,False
TMPV.NS,382.6499938964844,False,0.9589136542413772,1.0020165240233743,0.08769189077309059,341.1000061035156,0.599081100280857,-0.1507135084910917,0.12951949184496026,0.23327423511850343,False,False
NYKAA.NS,265.4800109863281,True,0.6511405946669971,1.0085270304769083,0.11593113828260315,234.08999633789062,0.857109809502045,-0.5419917546589376,0.1640884697330161,0.22947293832304158,False,False
NTPC.NS,381.8999938964844,True,1.3597281642521926,0.9339657544539515,0.07436340565525867,335.2191702781529,0.47729556723258837,0.3588502549277625,-0.23181116120025919,0.22902995501128637,False,False
DIVISLAB.NS,6408.5,True,0.7078436336717631,1.119281009166506,0.06083429895712622,5890.0,0.3536769071723685,-0.46990401025124395,0.7521612821417427,0.22614794443609704,False,False
AEGISVOPAK.NS,228.07000732421875,False,1.5650588302929895,0.9614819932381412,0.03899600488175592,204.5,0.15413522923061881,0.619891370755194,-0.08570758893872063,0.22190922623718953,True,False
AFFLE.NS,1377.199951171875,False,2.1849828618281184,1.1368531198063687,-0.10268444920664643,1321.0999755859375,-1.1404327183744856,1.4080135935118125,0.8454643006536362,0.21987028089984034,True,False
BANKBARODA.NS,321.95001220703125,True,1.4592527932793409,0.9230174548396105,0.0644734640865281,270.5,0.38692882299151393,0.48537797099914576,-0.28994358607091153,0.21340184467507584,False,False
BIOCON.NS,389.79998779296875,True,1.2910235149886042,0.955086053442073,0.06706816539475269,360.54998779296875,0.4106372248938731,0.27150461556410327,-0.11966824975084556,0.20980579970152657,False,False
PFC.NS,413.79998779296875,True,0.9351792366124839,1.0092735634408239,0.08035514029265389,369.75306630036465,0.5320434692070365,-0.1808875637397585,0.1680523520678987,0.20896682418125667,False,False
TVSMOTOR.NS,3869.699951171875,True,1.2329631849226876,0.9834476062470154,0.058741436709131234,3558.800048828125,0.3345539279128825,0.1976913190022323,0.03092370477410392,0.20240607829805388,False,False
APLAPOLLO.NS,2234.60009765625,True,1.0249869773198257,0.9634592855254497,0.0882439874988199,2041.4000244140625,0.604125739145869,-0.06671312844363395,-0.07520871702360458,0.19907374201817604,False,False
GODREJIND.NS,993.0499877929688,False,0.7787007118093027,1.2165534557718514,0.0026756495492556986,955.2999877929688,-0.1777324808329375,-0.37982194361235344,1.2686509100710717,0.19555569760444047,False,True
ESCORTS.NS,3518.60009765625,False,0.8438668826837714,1.035300514820746,0.07412683789621433,3376.071337313066,0.4751339914509037,-0.29697484489455905,0.30624822256851764,0.19283560988254905,False,False
LICI.NS,849.4000244140625,False,0.8702164690594195,1.118255921346654,0.03459199076012487,788.4500122070312,0.11389470657456884,-0.2634760716147616,0.7467183510225299,0.19053056645215805,False,False
ICICIGI.NS,1901.5,False,1.00410587206395,1.0691598651151877,0.041575386409447024,1801.800048828125,0.1777036506609319,-0.09325970875142305,0.4860319521426027,0.18891313328172665,False,False
PIDILITIND.NS,1492.0,True,1.2960190161075082,0.9924029603335348,0.04364859085037898,1398.800048828125,0.19664701187001182,0.2778554992939441,0.0784741433776253,0.18555769754947557,False,False
ONGC.NS,279.70001220703125,True,0.8921051362082876,1.0983621235798158,0.03955044358240034,241.9075259355621,0.15920126727647546,-0.23564855706620175,0.6410878198158543,0.18531228573548594,False,False
BPCL.NS,385.3999938964844,True,1.142820086456854,0.9383291321455457,0.07990628967732749,351.0,0.5279422145660694,0.08309053646258059,-0.20864283965500063,0.17351119486870176,False,False
ASHOKLEY.NS,211.10000610351562,True,0.6837275820325591,1.03010375451756,0.0878079396026834,185.52000427246094,0.6001414659898363,-0.5005632446979824,0.27865487122288674,0.17348407435340582,False,False
TRIVENI.NS,394.8999938964844,True,0.7022593893993195,0.9283214803854055,0.12928118310208236,348.64568522393415,0.9790923386630951,-0.4770033753097587,-0.26178068613080885,0.17000171703306777,False,False
KARURVYSYA.NS,326.20001220703125,True,0.8653788065144674,1.0026821031723951,0.07852537292589945,285.0,0.5153244503429658,-0.269626291906162,0.13305353194605937,0.16515795214915555,False,False
GLAXO.NS,2571.60009765625,False,0.6041642120231768,1.0438702280934509,0.08662215479625002,2342.10009765625,0.5893066686775128,-0.6017137999789618,0.3517510157452771,0.1607338322008997,False,False
HSCL.NS,484.8500061035156,True,1.0394556217122144,1.018103694190927,0.052191881396820294,444.04998779296875,0.27470908599069294,-0.04831884204927225,0.21493788959520754,0.15986934866005778,False,False
JINDALSAW.NS,185.3699951171875,False,0.6707636883803366,1.1138650391800347,0.04823568737808892,169.05999755859375,0.23856040193889683,-0.5170445104031837,0.7234039883672971,0.1573320041647928,False,False
GODREJPROP.NS,1731.0,False,0.9489083917692304,0.9140975384225302,0.10501117140121297,1486.4000244140625,0.7573314794245851,-0.16343340528116299,-0.3373058605093276,0.15271081203268688,False,False
NH.NS,1830.9000244140625,False,0.9986094289392557,1.0243687892119575,0.050912682658798225,1688.300048828125,0.2630207434065635,-0.10024745039770551,0.24820380105606052,0.14959520256013192,False,False
ATUL.NS,6674.0,True,1.4346170698173357,0.8560751077942983,0.0786262626262626,5868.0,0.5162463034890047,0.4540580670328278,-0.645388823903033,0.1490992943345403,False,False
ADANIENSOL.NS,1011.5499877929688,True,0.7775925696491436,0.9449017562282032,0.10660760836862049,842.7999877929688,0.7719185030311593,-0.38123074762376147,-0.17374403443892464,0.1422749665936579,False,False
TATAPOWER.NS,377.54998779296875,False,0.8510089428131501,1.1000174079081506,0.030290558646963284,348.3999938964844,0.07459150008552283,-0.2878949963681378,0.6498769190592152,0.13843117684153236,False,False
ADANIGREEN.NS,947.3499755859375,False,0.42692992331208285,1.034221848481081,0.1031089765389186,807.0,0.7399506733376079,-0.8270354111153746,0.3005208044159366,0.1380258873252118,False,False
WELSPUNLIV.NS,125.33000183105469,False,0.9143012655338911,1.108651800529009,0.01886025245536449,119.7300033569336,-0.029849921437047237,-0.20743015950324686,0.6957231415793115,0.13454792604800048,False,False
ADANIENT.NS,2161.800048828125,False,0.8855365343574759,0.9955489383125812,0.07062207859775826,1934.0,0.4431101736205261,-0.2439993562411351,0.09517841115927098,0.13259778592365123,False,False
ZFCVINDIA.NS,15164.0,True,0.44925090171090987,1.1179645335389359,0.06264891380518578,14723.0,0.3702574738755247,-0.7986582903474904,0.7451711628346753,0.13205685129636538,False,False
NAVINFLUOR.NS,6256.5,True,0.7539042537622175,1.1148320433386734,0.030894710825506655,5801.5,0.0801117819822059,-0.4113461927758618,0.7285385114057459,0.1272024083818476,False,False
HINDUNILVR.NS,2338.10009765625,False,1.2213715682555872,1.0831172414887418,-0.006163393436243392,2275.60009765625,-0.2584969152085578,0.18295465736581346,0.5601417374068135,0.11953015234836498,False,False
ACMESOLAR.NS,236.0,False,0.5668707814533084,0.9913946815948345,0.10207631330883715,207.94671809823276,0.7305149842234295,-0.6491257083738677,0.07312046380263473,0.11940442031800193,False,False
BAJAJ-AUTO.NS,9972.5,True,0.775844448092661,1.0642552689015774,0.048412531539108405,9250.5,0.2401762690255035,-0.383453170657326,0.4599899108255092,0.11903152966065639,False,False
TITAN.NS,4327.5,True,0.7242380977794087,0.9547844186314239,0.09843390451924461,3893.300048828125,0.6972334303109933,-0.44906138948459096,-0.12126984667329921,0.10779400127703026,False,False
HONASA.NS,303.0,True,0.36773659670725584,0.9605605262459083,0.13165266106442575,269.54998779296875,1.0007610958551496,-0.9022891095736044,-0.09060032229309477,0.1024376087820501,False,False
PNB.NS,129.44000244140625,True,1.0787320747094726,1.0138735832001937,0.033453113304640736,117.55000305175781,0.10348851286488546,0.001614123707098699,0.19247717715350457,0.09962279540413517,False,False
ZEEL.NS,87.44999694824219,False,0.6172155155291763,1.0604596064710123,0.05935788873820069,79.5,0.3401865964641247,-0.5851214083216355,0.43983599936421214,0.09248901589842287,False,False
VIJAYA.NS,1004.5,True,0.8213058763237269,0.9863278712440661,0.06986896781356067,937.4000244140625,0.43622882157735987,-0.32565711816612997,0.04621711054912429,0.09065952634584226,False,False
HCLTECH.NS,1389.0999755859375,False,1.9342778139519,1.321066519815896,-0.19313429641914082,1322.5,-1.9668944474850723,1.0892870890734807,1.8235862020851659,0.08710420835356492,True,True
PIIND.NS,3117.300048828125,False,0.9207057351106321,1.1432186289417976,-0.01157892553033213,2985.1949988871597,-0.3079799177394476,-0.19928802507768018,0.8792633831243113,0.08080064031821027,False,False
SBICARD.NS,774.4000244140625,False,1.2211045576647266,1.0268274330040972,0.00656404625772411,725.1500244140625,-0.1422032769018467,0.18261520128786865,0.2612585155382106,0.07628080428708509,False,False
PERSISTENT.NS,4733.0,False,2.2346254373661476,1.3035741634975597,-0.22026359143327845,4585.0,-2.2147812572246273,1.4711252249152773,1.7307066568309988,0.07463706163403194,True,True
MRPL.NS,196.64999389648438,True,0.6740088577483222,0.9153218682813762,0.11139364294744536,164.0,0.8156496373061133,-0.5129188595727342,-0.3308050095970056,0.07314269417152343,False,False
IOB.NS,36.45000076293945,False,1.2207262461467432,0.9316053339562734,0.04681220799543895,33.720001220703125,0.22555373284885047,0.1821342460429023,-0.24434433731691194,0.07155846575733729,False,False
IRB.NS,41.709999084472656,False,0.9315400803109433,1.0453070761895054,0.027259323925173495,39.650001525878906,0.04689438873911053,-0.1855140982946888,0.3593802793694673,0.07091760981807776,False,False
TBOTEK.NS,1225.800048828125,False,1.7707568114083747,1.150369825590345,-0.10616885882596205,1207.0,-1.1722705963550173,0.8813994618220263,0.9172342476923946,0.07068187431231931,True,False
GRASIM.NS,2799.800048828125,False,1.160773848802525,1.0782642798772144,-0.011265283361165612,2713.0,-0.30511409477302087,0.10591552527883111,0.5343738614607864,0.07004117811267688,False,False
BRITANNIA.NS,6002.5,True,0.8355986043229835,1.0170254438841613,0.04883802201642484,5697.5,0.24406407653917345,-0.30748647791504047,0.2092126804615711,0.06814349137962857,False,False
BHARTIARTL.NS,1879.300048828125,False,1.5290261856410188,1.0621318569750202,-0.04502259997294222,1870.0999755859375,-0.6135627115137307,0.5740823255330112,0.4487151842799969,0.06141416833841015,True,False
HAVELLS.NS,1397.0999755859375,False,0.8850654043195785,0.8879869730536634,0.0967108476417069,1250.0999755859375,0.6814894505227224,-0.24459831358717582,-0.475945698027811,0.05643257672459295,False,False
RAMCOCEM.NS,1129.800048828125,True,0.38523206570743607,1.1677594297335996,0.025226904562726915,1080.0999755859375,0.028323690475582593,-0.8800467585512596,1.0095682074850163,0.05018591087036012,False,False
CANBK.NS,157.3699951171875,True,1.1207820423630508,0.9407295930406918,0.046899863288077936,139.0,0.22635466006932348,0.05507311591928232,-0.1958970601679985,0.04829468075311456,False,False
GLENMARK.NS,2136.699951171875,True,0.870223628555666,0.926686765753027,0.07609789355549768,1842.0,0.49314399498930106,-0.2634669695993394,-0.2704605660116282,0.03707933731243014,False,False
TRIDENT.NS,25.579999923706055,False,1.3673903381388468,1.0004993049447093,-0.008527105420936376,25.100000381469727,-0.28009471281897685,0.36859133481418643,0.1214634806642577,0.03497855951594249,False,False
AJANTPHARM.NS,2993.89990234375,True,1.0448546742185814,0.8030688699333934,0.11095031757578822,2756.89990234375,0.8115988681283877,-0.04145491510719096,-0.9268371993282668,0.03415191292071773,False,False
GAIL.NS,169.52999877929688,False,1.0637491245930852,0.9503678908841074,0.04441543269052706,153.03004183474496,0.203653827831505,-0.017434010174624565,-0.14472038022681322,0.032815214012170676,False,False
ERIS.NS,1358.300048828125,False,0.9827556051954109,1.038732937609861,0.01199530490385814,1316.199951171875,-0.0925765771310294,-0.12040274390560461,0.324473432595761,0.024190575754635152,False,False
CESC.NS,158.14999389648438,False,0.9344171162827614,0.8785368444285653,0.08448187554507824,142.50999450683594,0.5697504290019793,-0.18185646305276232,-0.5261232517729534,0.015506257153077019,False,False
JSL.NS,776.3499755859375,False,1.861107701186734,0.9420885612591902,-0.04166152452428962,734.0,-0.5828517671332645,0.9962644137481943,-0.18868131702556762,0.009134222163482204,True,False
DBREALTY.NS,113.77999877929688,False,0.5911583374252009,0.9782899076178956,0.0740041170211112,98.80000305175781,0.4740126616779809,-0.6182484369274083,0.0035377600498623864,0.005191861607928603,False,False
FEDERALBNK.NS,299.8500061035156,True,0.8354216850833082,0.9917275633100866,0.042593879485492314,276.0,0.18700986371332143,-0.30771139899783195,0.07488797309488696,0.004956917714445081,False,False
INDHOTEL.NS,667.0499877929688,False,1.1052570696869204,1.0139695469239,0.003686446429479906,646.7000122070312,-0.16849658974904091,0.03533589756456153,0.19298671782695856,0.001098148717839656,False,False
LTM.NS,4462.0,False,,,,,0.0,0.0,0.0,0.0,False,False
INDUSINDBK.NS,956.75,True,0.9969315170756894,0.8976033347440333,0.06494876892283408,884.3499755859375,0.3912717961304868,-0.10238061439883148,-0.4248854929561305,-0.0016711137542938792,False,False
GODIGIT.NS,335.75,False,0.6855233766505369,1.0248729566433852,0.04189294026377044,307.20001220703125,0.1806052156233723,-0.49828021391688776,0.25088078984537976,-0.0019777409721034728,False,False
JINDALSTEL.NS,1244.199951171875,True,0.71740746151197,0.9439447180397169,0.07295617227241635,1082.699951171875,0.4644373417000045,-0.45774531842440774,-0.1788256409486375,-0.005196351131911761,False,False
INOXINDIA.NS,1163.0,False,0.7413228074022635,0.9751087781042689,0.056792367105861,1082.0,0.31674481618833455,-0.42734124534084406,-0.013353152600398576,-0.005510392907038956,False,False
LICHSGFIN.NS,537.75,False,0.9200670957756322,0.9928508459072606,0.02889117933719776,488.1000061035156,0.06180503908340147,-0.20009994045220372,0.0808522911615202,-0.01105227915384447,False,False
WELCORP.NS,825.25,False,0.7760795278196274,0.8373856706756846,0.11047564137627441,710.0,0.8072616389930396,-0.383154308946024,-0.7446245351498695,-0.015428997631552144,False,False
SHREECEM.NS,26075.0,False,0.8294307399760593,1.160216407687731,-0.036222509702457995,25750.0,-0.5331541973435818,-0.31532781122602976,0.9695168590724508,-0.017004964583506477,False,False
SAMMAANCAP.NS,149.91000366210938,True,1.3492628743113309,0.9145322782154258,0.015856855876882348,141.1999969482422,-0.057292669058563304,0.345545515717121,-0.3349975131641667,-0.019752666857539042,False,False
AKZOINDIA.NS,2935.300048828125,False,1.0539272518039982,0.8958266891246172,0.05321135587661474,2686.5,0.2840242663621491,-0.029920759873614762,-0.43431898688948956,-0.02566221748407163,False,False
UTIAMC.NS,987.2999877929688,False,0.8360529246096734,1.0276443965201807,0.018464991673303954,962.0,-0.033461513047853504,-0.3069088911528322,0.2655963645096235,-0.025778363212104027,False,False
FIRSTCRY.NS,217.39999389648438,False,1.0901522996572348,1.4480653053887729,-0.19137069384042116,207.0500030517578,-1.9507799919985052,0.01613289151147424,2.4979144193463045,-0.026097803542068587,False,True
IKS.NS,1375.800048828125,False,1.7301308244107612,1.0956077867997978,-0.1049378240321196,1350.0,-1.1610223391642216,0.8297508056230508,0.6264630578370043,-0.02754477662767213,True,False
GICRE.NS,383.04998779296875,True,0.8617189044193511,1.0033900477146223,0.025157216780494762,365.8500061035156,0.027686936663647892,-0.27427920101686687,0.13681252049800752,-0.030165229490198647,False,False
BANKINDIA.NS,176.0500030517578,True,0.9766682465411047,0.8783382321905941,0.06755199285832059,146.39999389648438,0.41505807130162997,-0.12814172866712162,-0.5271778274978564,-0.030572638328841384,False,False
KPRMILL.NS,897.7999877929688,False,0.5520139190081053,1.0362804595015227,0.04280655452458815,845.7383599744652,0.18895312604008768,-0.668013544395497,0.3114514561791536,-0.031387376048867946,False,False
DMART.NS,3847.60009765625,False,0.9525892366656894,0.9249554693092324,0.04919288527660659,3600.0,0.24730654640115807,-0.15875387115464112,-0.27965326843967303,-0.03259952331783101,False,False
FSL.NS,213.14999389648438,False,2.333161974129159,1.3000332425247836,-0.31680649417849993,212.10000610351562,-2.5734776809846784,1.5963967588871026,1.711905351635332,-0.03690043923714115,True,True
BATAINDIA.NS,789.0,False,0.7857465620640856,1.2529144866671449,-0.0782171987291681,786.7000122070312,-0.9168696416045196,-0.37086440868624515,1.461717867607688,-0.039491818965375014,False,True
BLUESTARCO.NS,1941.199951171875,True,0.6510748842823958,0.8274950411484121,0.1204617322781385,1765.9000244140625,0.8985069225192901,-0.5420752936278044,-0.7971410261275631,-0.04236212691889418,False,False
THELEELA.NS,453.54998779296875,False,0.33088703785238677,0.8824556878500616,0.12963882389282388,415.0,0.9823601874812619,-0.949136714691256,-0.5053152835217396,-0.04339152447139391,False,False
SBILIFE.NS,2037.199951171875,False,0.9172448671486207,0.9923404151031882,0.02048785320010338,1955.5,-0.014978146997910682,-0.20368789798490272,0.07814204560607893,-0.04365501451281141,False,False
M&M.NS,3397.39990234375,False,1.0833054676775502,0.9901538364302501,0.0038411536387876755,3343.699951171875,-0.16708299324610829,0.0074283726282369286,0.06653192121179943,-0.04464510914643241,False,False
GMRAIRPORT.NS,100.62999725341797,True,0.7039155709474723,0.9325797993993176,0.06848584548037762,89.12000274658203,0.4235909044300987,-0.4748978375073503,-0.23917019693417998,-0.04478404856041958,False,False
ARE&M.NS,844.9500122070312,False,0.8462950488448087,1.0139564369883762,0.01782808812589609,810.0999755859375,-0.039281051977872364,-0.293887867112265,0.19291710771682782,-0.046003648609780096,False,False
DELHIVERY.NS,433.3999938964844,True,0.8421016768468719,0.9346976166563135,0.05245266329239184,414.0,0.27709191208688816,-0.2992189875266089,-0.22792517652746583,-0.047306484381467145,False,False
TECHM.NS,1357.800048828125,False,1.557744666376392,1.4154659816443527,-0.23218727093265268,1335.300048828125,-2.3237307477999085,0.6105927231301287,2.3248210801830016,-0.04886815812602441,True,True
INFY.NS,1300.0999755859375,False,1.6503275491264515,1.355241892055626,-0.2165712711142287,1264.0999755859375,-2.181043649817254,0.728295253811999,2.0050479202637903,-0.05241450770416489,True,True
NAVA.NS,595.5999755859375,True,1.0041287681162119,0.832413557099863,0.07859464400488769,522.5499877929688,0.5159573966384248,-0.09323060052737772,-0.7710250748753436,-0.05289374396544644,False,False
RKFORGE.NS,551.7999877929688,False,0.4254927080183144,0.9413684289561557,0.08654126447031052,486.70001220703125,0.5885675545639509,-0.8288625725969189,-0.19250501919647328,-0.07098325571243722,False,False
DABUR.NS,518.5,True,0.9929771253074594,0.9669369031415269,0.01577037437645079,493.8500061035156,-0.058082871060948435,-0.10740791431219399,-0.05674353503948548,-0.07247858322988321,False,False
SONACOMS.NS,534.5,True,0.6029377500210424,0.9005753147162691,0.08538941998999672,483.25,0.5780428780696922,-0.6032730264487843,-0.40910510618019935,-0.07249628856081819,False,False
TCS.NS,2637.39990234375,False,1.3885015444257374,1.2782216187205575,-0.161239033121104,2561.300048828125,-1.6754598539715562,0.3954304473143039,1.5960916977556716,-0.07272729806762979,False,True
JSWENERGY.NS,487.75,False,0.7566672402891954,0.9110007212557824,0.06263616557734197,440.04998779296875,0.37014099029095726,-0.4078335509482881,-0.3537490980553938,-0.08041839858472165,False,False
RELINFRA.NS,90.37999725341797,False,1.5852549920927916,1.4513047696102137,-0.3257236512949879,89.69999694824219,-2.5734776809846784,0.6455671683031559,2.5151150730649334,-0.08118639998344479,True,True
GODREJCP.NS,1217.5,True,0.9070860660178887,0.8832535614159478,0.05841949780001787,1132.199951171875,0.3316122956637011,-0.21660299164221536,-0.5010787968745889,-0.08265961828956082,False,False
EMCURE.NS,1455.5,False,1.6284651720837462,0.8118144623733807,0.013932427725531271,1386.300048828125,-0.07487662598640872,0.700501162418296,-0.8804005367070722,-0.08392046268119635,True,False
UNOMINDA.NS,1188.5,False,0.9872832206731006,0.901301623161378,0.04020412214422264,1137.8676176690208,0.16517408349602075,-0.1146466928533043,-0.4052486104132304,-0.08989895758155209,False,False
ICICIPRULI.NS,654.5,False,0.9140826246762557,0.9012226376658973,0.046697605592628255,629.8499755859375,0.22450658348479857,-0.2077081221405048,-0.40566800141855947,-0.09421020367379984,False,False
HDFCAMC.NS,2698.60009765625,True,0.8156719952755404,0.8897764954412385,0.06068711164515883,2432.0,0.3523320217568528,-0.332819587482649,-0.4664438320381558,-0.0988462171535003,False,False
CIPLA.NS,1348.199951171875,False,1.140834949990265,0.9029699959775884,0.02066767071938136,1293.0999755859375,-0.013335111630944056,0.08056679147942661,-0.39639001494078346,-0.10008101169078468,False,False
NCC.NS,152.63999938964844,False,0.5506952590642239,0.9614123795453187,0.055309734746670225,135.0,0.30319765230719037,-0.6696899840125551,-0.08607721827939692,-0.10545109976470943,False,False
KAYNES.NS,3856.5,False,0.6091811714882666,0.7676968508098321,0.13346464574709227,3337.10009765625,1.0173176301126403,-0.595335635810499,-1.1146527795239578,-0.1060694725552809,False,False
SUNPHARMA.NS,1737.0,True,0.9021462280540453,0.772937981908639,0.10003339641545139,1587.8854054586088,0.7118483675273253,-0.22288310965358032,-1.0868238315986067,-0.10817273536472599,False,False
NESTLEIND.NS,1291.699951171875,False,1.010379405845651,0.9561057569394971,0.008365591211359824,1267.059000588645,-0.12574213292717173,-0.08528403570592219,-0.11425390788567591,-0.11015823624834811,False,False
BOSCHLTD.NS,36425.0,False,0.982163085471716,0.9530918778920628,0.011384145494932607,34730.0,-0.09816088575541176,-0.12115602646590345,-0.13025676709357578,-0.11468819237000848,False,False
JMFINANCIL.NS,127.73999786376953,False,0.5867623425434384,1.081677291831946,-0.003432632525768975,116.38999938964844,-0.233545304416378,-0.6238371559981337,0.5524960053580159,-0.11482046695858653,False,False
RELIANCE.NS,1393.9000244140625,False,1.0563144310704162,0.9547845424022107,0.0020848486082405415,1335.5,-0.18313076930239663,-0.026885889576831773,-0.12126918948485768,-0.1176988314394655,False,False
JPPOWER.NS,15.25,False,1.1619454527016644,0.8734633287973527,0.02486558351568835,14.210000038146973,0.02502221428184182,0.10740500950949323,-0.5530622082000516,-0.12368827389443077,False,False
LODHA.NS,988.25,False,0.7622211017510424,0.9372863812550772,0.03873236771108157,918.0,0.1517263138078933,-0.4007728121842914,-0.21417955676489425,-0.12379518516159835,False,False
HEG.NS,577.7000122070312,True,0.8501788579623979,0.9739927507573333,0.012798014517035883,506.0,-0.08524202881142841,-0.2889503003801978,-0.01927894730685201,-0.1265655858306863,False,False
GPIL.NS,266.0199890136719,True,0.7761567111086889,0.9456619346248044,0.03248591234413256,238.8000030517578,0.09465096805023168,-0.3830561842368009,-0.16970769865297022,-0.12796877764683864,False,False
BSE.NS,2707.10009765625,False,0.8463060114346798,1.125224849446238,-0.053990772549435184,2530.0,-0.6955070336209621,-0.2938739301453838,0.7837214203071321,-0.13124856639986043,False,False
ASTRAZEN.NS,8849.0,False,0.40475377058912476,0.9791943400649245,0.05458229054939823,8430.5,0.296550821962674,-0.8552284120108683,0.008340044708624974,-0.13544618140560338,False,False
ADANIPOWER.NS,140.11000061035156,False,0.600746463539851,0.9487235723355043,0.04653417613027644,130.6300048828125,0.22301328968491432,-0.6060588542025117,-0.15345125423074374,-0.1386477166560109,False,False
UNITDSPR.NS,1380.800048828125,False,0.9127037392463052,0.8927835394863537,0.03788336101110623,1318.0,0.14396873801409843,-0.20946112766166225,-0.4504772647909071,-0.14039402253013145,False,False
PVRINOX.NS,1022.2000122070312,False,0.5016272263198753,0.8893094497159213,0.08157870977966519,912.7000122070312,0.5432235141168594,-0.7320711872980727,-0.468923714896184,-0.14300906501153324,False,False
KFINTECH.NS,956.7000122070312,False,0.8152126961061636,1.1382374640959227,-0.060123794812029785,951.0999755859375,-0.7515459141721886,-0.3334035040012312,0.8528147836731366,-0.14479498176730388,False,False
SWANCORP.NS,382.3999938964844,False,1.7029410090074895,1.002873336295116,-0.0938388770225489,364.79998779296875,-1.0596086251610708,0.795183831829659,0.1340689266220321,-0.14506762252892103,True,False
HAPPSTMNDS.NS,359.79998779296875,False,1.0803929236733991,1.1812741308644865,-0.10774956529951951,358.0,-1.186713886704458,0.003725595291562667,1.0813275103736135,-0.14916962298223035,False,False
PATANJALI.NS,508.0,False,0.9516903906308315,0.9264766963852391,0.016000000000000014,480.0,-0.05598472721952498,-0.159896592679977,-0.27157597590820787,-0.15183566146426544,False,False
ICICIBANK.NS,1378.9000244140625,False,1.331899368093277,0.8794640277698226,-0.003396900299802774,1329.0999755859375,-0.2332188105839714,0.32347093170473207,-0.5212001661956863,-0.15260629458087482,False,False
OFSS.NS,6932.0,False,1.3609733874522807,1.12761784947828,-0.11553429027113238,6399.5,-1.2578447670648705,0.36043333289596347,0.7964275846868438,-0.15607963155110602,False,False
CHOLAHLDNG.NS,1634.0999755859375,False,0.8599097994424113,0.9766323053976441,0.001532238316626744,1607.199951171875,-0.18818010074082892,-0.2765791535321696,-0.005263646554682312,-0.15982488032238715,False,False
SHRIRAMFIN.NS,1079.4000244140625,True,0.5160734446076038,0.9341272412138703,0.0553383235203464,939.0,0.3034588747199829,-0.713705411673666,-0.2309537114346091,-0.16201418704448933,False,False
KOTAKBANK.NS,415.20001220703125,False,0.9131060867040387,0.9494490042437189,0.006789569233722315,404.1000061035156,-0.1401426199251714,-0.2089496150301481,-0.14959941263080972,-0.1636217562683559,False,False
HINDPETRO.NS,438.75,False,0.9603459520226374,0.9180264983981022,0.014216351848623798,426.75,-0.0722823438627918,-0.1488925987447461,-0.31644417617064113,-0.1685139700197329,False,False
ULTRACEMCO.NS,12677.0,True,0.9889655363334651,0.9459737945980441,-0.0031453959267122578,12191.0,-0.2309207554134089,-0.11250793021437022,-0.1680518089620476,-0.1765362239182889,False,False
INDUSTOWER.NS,454.95001220703125,True,0.713321735376188,0.9347439508202506,0.03034769512969704,419.45001220703125,0.07511356969393798,-0.4629395864313011,-0.2276791550082434,-0.17714019455428814,False,False
HDFCLIFE.NS,715.2999877929688,False,0.8938055691113259,0.995864225364349,-0.016228838109174304,688.9000244140625,-0.35046727298168084,-0.23348676160253432,0.0968524976836822,-0.181177188368328,False,False
RAINBOW.NS,1189.699951171875,False,0.428140457434422,1.0572363988303015,0.004305230196729459,1090.0,-0.16284261555243237,-0.8254964340880474,0.42272166356628615,-0.1859694773775013,False,False
CHAMBLFERT.NS,461.25,False,0.6475917585582488,0.8766330662540344,0.059735784032165506,415.5,0.3436395154871849,-0.5465034632876539,-0.5362317842026231,-0.1873647680522091,False,False
JSWSTEEL.NS,1264.699951171875,True,0.9366775089920362,0.8930935089915034,0.021979758522727266,1174.0,-0.0013462538482370814,-0.17898277912422508,-0.44883141295956824,-0.1888827591644328,False,False
ZENSARTECH.NS,564.75,False,1.356399658208585,1.1968432962385127,-0.15526137115884997,535.8499755859375,-1.6208405373710897,0.35461865646068796,1.1639954467916853,-0.19275198397272403,False,False
ACE.NS,884.7000122070312,False,0.9470970344522518,0.819000568424227,0.051961964574353425,854.6500244140625,0.2726082813956208,-0.165736221242868,-0.842244312925421,-0.19335084769223831,False,False
IFCI.NS,59.97999954223633,True,0.37726327235785834,0.9250694412498048,0.06479669079594097,54.79999923706055,0.389882222177789,-0.8901776500926071,-0.2790481091449814,-0.19481483890016094,False,False
AGARWALEYE.NS,451.70001220703125,False,0.8916498638352266,0.780080554643195,0.06999885997343602,431.0,0.4374156770818948,-0.2362273542354742,-1.0488987576144364,-0.21057156272221522,False,False
SHYAMMETL.NS,860.2999877929688,False,0.7499083302838553,0.9981665063894817,-0.012001162454241987,823.0999755859375,-0.311837996763164,-0.4164262928099476,0.10907696937692493,-0.2169399957351724,False,False
TATACHEM.NS,717.4000244140625,False,1.0118018069692305,0.9225744925917683,-0.007470895780442355,684.25,-0.27044387456233265,-0.08347570778485261,-0.2922955923641531,-0.22090893986963478,False,False
HDFCBANK.NS,887.75,False,1.154165213507682,0.987874213904075,-0.051042223409941245,885.0,-0.6685654400716801,0.09751383075980796,0.05442775984387939,-0.22184369884756583,False,False
PHOENIXLTD.NS,1658.5999755859375,False,0.8981904228990659,0.966987949891682,-0.016776363992261456,1600.0,-0.3554701469722353,-0.22791220643470386,-0.05647249099860122,-0.22750346801888566,False,False
SAPPHIRE.NS,204.2899932861328,False,0.20504214498650003,0.8326275223392758,0.11390403535912474,181.0,0.8385876888036291,-1.1091259256957513,-0.7698889789843609,-0.22826939588258194,False,False
EXIDEIND.NS,334.29998779296875,False,0.8064609623591626,0.8533758997134852,0.04191984239861224,308.45001220703125,0.18085102681668352,-0.34452976383758616,-0.6597208678272413,-0.2289347787727748,False,False
COROMANDEL.NS,2220.0,False,1.0829077254910313,0.9017222691692922,-0.009223913203363576,2169.448412347723,-0.2864616109671801,0.006922714773117011,-0.40301509714508926,-0.2334123590984637,False,False
BEL.NS,444.70001220703125,True,0.8352587091910044,0.9346465129036963,0.00044997121941792173,420.25,-0.1980690321661895,-0.307918593615179,-0.2281965232355643,-0.24006214792169878,False,False
PRESTIGE.NS,1393.0,False,0.9502306202290767,0.9635634090567582,-0.024168126094570974,1385.0,-0.4230104322962878,-0.16175242893606853,-0.07465585004203876,-0.24012665661194732,False,False
BASF.NS,3452.10009765625,False,0.745147130618117,1.0587294551802982,-0.04582763734842177,3421.0,-0.6209185291501541,-0.4224793042640407,0.4306493773804148,-0.24591638972514943,False,False
CLEAN.NS,735.1500244140625,False,1.3044619283438135,1.101616088628686,-0.12468618358984895,707.0,-1.341467789213849,0.28858914796657,0.658365468893653,-0.25250073062747275,False,False
MAHSCOOTER.NS,13259.0,False,0.8400536124776303,0.9148050284250141,0.005155029944659217,12829.0,-0.1550777934911879,-0.30182273405186977,-0.3335492854369518,-0.25264272324312165,False,False
AXISBANK.NS,1383.9000244140625,True,1.0870343937555826,0.8312196197587558,0.014812696315511964,1302.9000244140625,-0.06683340288125475,0.012169033353772148,-0.7773645499744051,-0.25629201613869174,False,False
SBFC.NS,93.08999633789062,False,0.4435797396680196,0.8258950457703512,0.08256772474130458,83.76000213623047,0.5522603786390564,-0.8058681557624309,-0.8056365564276913,-0.26254726220141406,False,False
OIL.NS,483.8999938964844,True,0.696879921437274,1.0586886655926968,-0.04555478856392203,445.33906311212235,-0.618425445024831,-0.4838424040162223,0.43043279601890055,-0.2633930604091289,False,False
GLAND.NS,1822.199951171875,False,0.4640899152718255,0.9816383197604897,0.012277082320799382,1748.9000244140625,-0.09000190997120025,-0.7797931459810363,0.021316896917870625,-0.2635436387074298,False,False
DOMS.NS,2332.0,False,1.467694165835215,0.7240163803532291,0.019275361483722886,2281.5,-0.026056971687331076,0.496109662244245,-1.3465839246861804,-0.265565067407513,False,False
M&MFIN.NS,374.29998779296875,True,0.7257692236444282,0.9449611926332664,0.00013356791708418747,341.3999938964844,-0.20096008426192943,-0.4471148375545568,-0.17342844366468294,-0.26654701807054365,False,False
TATACONSUM.NS,1141.0,False,0.7921413456263074,0.8562455701211742,0.030527502094224834,1084.0,0.0767565086196462,-0.3627345882909534,-0.6444837163740602,-0.2714628879516456,False,False
MANAPPURAM.NS,283.25,False,1.29938245784469,0.9059591619825125,-0.04435399342443136,260.2577659723765,-0.6074534947355222,0.2821315122296837,-0.38051837511284703,-0.27249745675915793,False,False
PPLPHARMA.NS,156.1300048828125,False,0.7809264570012027,0.8913479858019406,0.015876129889037527,149.75999450683594,-0.0571165578333531,-0.376992307788128,-0.45809965544941794,-0.273374212104605,False,False
BAJAJFINSV.NS,1993.4000244140625,False,0.8173738922250385,0.8651921066606766,0.023253451771385603,1876.5999755859375,0.010291783772430554,-0.3306559307464845,-0.5969800964919443,-0.27417409466255643,False,False
MPHASIS.NS,2296.5,False,1.4932231343677032,1.1474141744463715,-0.1717758368582779,2210.699951171875,-1.7717371314274843,0.5285651671142289,0.9015405624514617,-0.2796631337012866,False,False
PAGEIND.NS,32110.0,False,1.1640265826412588,0.8798809240132641,-0.02388536884896475,31740.0,-0.4204268122093101,0.11005079297714955,-0.5189865631336202,-0.29085145593066525,False,False
MARUTI.NS,14857.0,False,0.8905459524986831,0.8325151550635476,0.024479382154185547,14058.0,0.021493400747612006,-0.23763077951345296,-0.7704856179551868,-0.2938375589415471,False,False
JKCEMENT.NS,5656.0,False,0.6104324868104335,0.9076612628225958,0.020570191266690685,5380.0,-0.014225804534318685,-0.5937448128016966,-0.37148069321758614,-0.2952579736195123,False,False
ETERNAL.NS,246.3000030517578,False,1.499548585050887,0.9816497549609937,-0.10550209699591107,243.75,-1.1661782352073609,0.5366068431886717,0.021377614650998102,-0.2990759567310434,False,False
KALYANKJIL.NS,410.1000061035156,False,0.4756453946947077,0.7231979338751452,0.11319221742101448,355.8500061035156,0.8320836392991511,-0.7651024263694283,-1.3509296477732196,-0.30197616652313386,False,False
CERA.NS,4886.39990234375,False,0.6920354678004055,0.9676109088922208,-0.0168209452024648,4871.2001953125,-0.35587749607459407,-0.4900012579630124,-0.05316475202798696,-0.30530080142713745,False,False
NMDC.NS,81.73999786376953,True,0.8154784376608213,0.9082398761691907,-0.004434955106846994,76.10644563073237,-0.24270376381695835,-0.333065661275217,-0.36840841733138185,-0.307523729108763,False,False
CAMPUS.NS,259.54998779296875,False,0.45468321708994913,0.8700663652606015,0.0484749933075217,255.0,0.24074699703353297,-0.7917520756285007,-0.5710991394628627,-0.3125565657139958,False,False
LALPATHLAB.NS,1399.9000244140625,False,0.8934874785123925,0.8618920863615228,0.005871217221091074,1359.9082908854743,-0.14853382030507165,-0.23389115674954705,-0.6145022861350647,-0.31393156098741215,False,False
TRENT.NS,3899.5,False,0.7921788900247766,0.8494823194329726,0.019797047493389286,3645.0,-0.021290202755275465,-0.3626868573218856,-0.6803946958286478,-0.3214405470472702,False,False
ANANTRAJ.NS,529.7999877929688,False,0.42934270031316163,0.7924068302179622,0.08199733359942085,523.9000244140625,0.5470485793500747,-0.8239679978899229,-0.9834496637801292,-0.3234058667609857,False,False
MANYAVAR.NS,389.95001220703125,False,2.293831235393005,0.9588364879745273,-0.18548300322291122,387.3999938964844,-1.8969827649364868,1.54639477854987,-0.09975448584502264,-0.3248010181631405,True,False
CHOICEIN.NS,736.8499755859375,False,0.7379448426863614,1.0346302776035454,-0.05671131977670263,735.0999755859375,-0.7203653195646876,-0.43163572163933117,0.3026894494213719,-0.3268300094912629,False,False
CRISIL.NS,4376.39990234375,False,0.6194971704401393,1.0056243665318345,-0.031855588689252534,4355.10009765625,-0.4932526032260785,-0.5822206933170264,0.14867613177592143,-0.32736440975276293,False,False
AFCONS.NS,292.1499938964844,False,1.5745466450532513,0.9895127435045288,-0.1254303111139533,288.1000061035156,-1.3482670590766852,0.6319534255838215,0.06312789614376187,-0.3307824271123991,True,False
JYOTICNC.NS,820.4500122070312,False,0.7278274660478715,0.8596815627651899,0.019066000604362587,750.0,-0.027969951749726624,-0.4444981514842382,-0.6262395514105147,-0.33240929156831656,False,False
NAUKRI.NS,1029.5999755859375,False,1.7628590179746848,1.0822696963316694,-0.18642056060072176,1006.0999755859375,-1.90554944929788,0.8713588339398991,0.555641508430301,-0.3341196770080921,True,False
CRAFTSMAN.NS,7526.0,False,0.6978372285841999,0.8427958486136073,0.028563618969523086,7080.0,0.058812042232665895,-0.482625359671889,-0.715897995541729,-0.336032189671019,False,False
CEATLTD.NS,3531.39990234375,False,0.7531538678432017,0.9611716132861439,-0.029728594463489633,3508.5,-0.47381775198191395,-0.4123001738902179,-0.0873556201286241,-0.33942383899841816,False,False
TATATECH.NS,585.4500122070312,False,0.8888851102937209,1.092227435068143,-0.10103644958613245,568.7999877929688,-1.1253745545641718,-0.2397422425051061,0.6085143306374488,-0.339518195385966,False,False
CARBORUNIV.NS,823.25,False,0.7640917757233859,0.8303424810371419,0.025561076494360124,747.0865806802378,0.031377098755963374,-0.39839458573372866,-0.782021912544988,-0.3415741099812296,False,False
BLUEDART.NS,5682.5,False,0.2499264130144115,0.8926783131189497,0.04998152254249821,5440.0,0.2545125123424671,-1.052063628889216,-0.45103598752530405,-0.3491248799873692,False,False
SUNDRMFAST.NS,873.1500244140625,False,1.0366567890629534,0.8721410143302805,-0.02397714258579753,868.25,-0.4212653706322068,-0.05187705579232883,-0.5600833301203689,-0.3520942640266921,False,False
SRF.NS,2562.199951171875,False,1.177311912434413,0.9916907341735111,-0.09138620521873442,2553.0,-1.0371979805619798,0.12694070708599148,0.07469242062642652,-0.3543892539110665,False,False
CHALET.NS,808.0999755859375,False,0.6998050060216041,0.9724687836570989,-0.03383554280495216,800.0,-0.5113439140734748,-0.4801236835810027,-0.027370788604625485,-0.3567859072850784,False,False
COALINDIA.NS,430.6499938964844,True,0.947037923442645,0.9317315859263142,-0.042582519911229744,401.29506441538587,-0.5912671206518304,-0.16581137029002674,-0.24367397448234404,-0.3593524516924434,False,False
DIXON.NS,10528.0,False,0.9515976700871712,0.7893651388394728,0.018477314501305964,10081.0,-0.03334891644264148,-0.16001447022181672,-0.9996001987278698,-0.3612239672619625,False,False
KIRLOSBROS.NS,1582.800048828125,False,0.5333524423347984,0.7921801777223959,0.060786860616742544,1474.4000244140625,0.35324345179319555,-0.6917382650508116,-0.9846531254713854,-0.3616200364393808,False,False
DEEPAKNTR.NS,1580.699951171875,False,0.45985532845051746,0.9504867617823419,-0.000758627741112794,1564.199951171875,-0.2091122878211697,-0.7851766636514205,-0.1440892088299443,-0.36242467687287727,False,False
KPITTECH.NS,771.0999755859375,False,2.4187546463265477,1.0723439526919238,-0.2588638373925095,758.0,-2.567480869249547,1.7052124905451227,0.5029385712849702,-0.36454702915079096,True,False
JSWINFRA.NS,254.8000030517578,False,0.9663565618306033,0.8624788789897008,-0.018300847484530758,251.14999389648438,-0.369399714592858,-0.14125118637644957,-0.6113865805393277,-0.37355121591187634,False,False
PAYTM.NS,1098.300048828125,False,0.8996031956560167,0.9697673569622648,-0.05975509649574284,1087.0,-0.7481770301177711,-0.22611611925495576,-0.041714612752012985,-0.3796200316491991,False,False
IGL.NS,170.86000061035156,False,0.9107118522115364,0.9102412116475203,-0.035381051190491286,159.9273860862309,-0.5254655911357566,-0.2119934547815428,-0.3577818827613404,-0.3811188377171676,False,False
EIHOTEL.NS,313.54998779296875,False,0.2819408422937467,0.949381523349906,0.012758338538702896,311.0,-0.08560455764555898,-1.0113630238466376,-0.14995771740214114,-0.38263804543285723,False,False
APTUS.NS,244.0,False,1.6039437264074141,0.8803534169724396,-0.09562634900030609,234.39999389648438,-1.0759411810138557,0.6693265421607469,-0.5164777569793564,-0.3845218368511252,True,False
ITCHOTELS.NS,176.05999755859375,False,1.1021304685873148,0.8012072748408062,-0.010454140228718933,175.25,-0.2977024873855243,0.031360985022144905,-0.9367217513291681,-0.3906892248463167,False,False
SJVN.NS,73.02999877929688,False,0.34036508373936825,0.9031346091627107,0.02409660982749684,67.08728787198494,0.017995919118620016,-0.9370870792329574,-0.3955159647271498,-0.39258254554058414,False,False
COHANCE.NS,309.95001220703125,False,1.6889784711416216,1.0492115636517219,-0.18089318920068054,303.04998779296875,-1.8550445444749624,0.7774329691135914,0.3801120214710802,-0.39475432061458354,True,False
TATAELXSI.NS,4513.0,False,1.0993120898534803,1.1273308893510523,-0.15360090022505624,4455.0,-1.605668420210327,0.027777921938142228,0.7949039062505058,-0.39546281962753654,False,False
COFORGE.NS,1185.800048828125,False,1.9030094237484543,1.1779093683821298,-0.29167907166769225,1182.0999755859375,-2.5734776809846784,1.0495349389138293,1.063461557750525,-0.3954921233945653,True,False
BBTC.NS,1694.199951171875,False,0.622012366748425,0.893222207763066,-0.001931216754288756,1640.3276083197911,-0.21982651203747788,-0.579023072311358,-0.4481480582896787,-0.39608194399530217,False,False
BHEL.NS,264.95001220703125,False,0.6250141365114907,0.8469114435043584,0.017082580449256257,249.5,-0.04609293262210924,-0.5752068604248586,-0.6940453317297851,-0.39921283069523683,False,False
ANGELONE.NS,233.1999969482422,False,0.7705644545863052,1.0780770556783654,-0.09905733175864329,225.61000061035156,-1.107290885080711,-0.39016573543411803,0.5333797530551944,-0.39995214874596163,False,False
DLF.NS,603.8499755859375,False,0.8600237657055672,0.9527517576757201,-0.05434188845099741,600.9000244140625,-0.6987152629775205,-0.27643426586840986,-0.13206271081269336,-0.40203519819533917,False,False
JUBLPHARMA.NS,866.2999877929688,False,1.2911606778027938,0.8993963964579631,-0.0765376715292232,847.2000122070312,-0.9015234028154839,0.2716789934822022,-0.41536483412825814,-0.4037151133200103,False,False
EIDPARRY.NS,865.2000122070312,False,1.0022782412879983,0.8872300924351698,-0.04132962636340032,859.8499755859375,-0.5798191348360228,-0.09558321349756846,-0.47996452352953506,-0.4045919750425402,False,False
OBEROIRLTY.NS,1522.800048828125,False,0.751729418506215,0.8185751975296626,0.013915722800667885,1429.0,-0.07502926285106613,-0.41411110574728777,-0.8445029140270969,-0.40759591107274185,False,False
IGIL.NS,330.0,False,0.7517834659991688,0.7800118148989923,0.03050977710331515,300.3829700234833,0.07659455116933374,-0.41404239405341187,-1.049263746531095,-0.4083540217076186,False,False
WIPRO.NS,200.9600067138672,False,1.2870789753066854,1.0904120189879625,-0.16196828958966902,199.1199951171875,-1.6821232434691569,0.26648984081151417,0.5988749763443103,-0.4132398522409154,False,False
GILLETTE.NS,8342.5,False,0.4867562234622209,0.8506416864327108,0.025863215996257072,8287.0,0.03413781912051772,-0.7509770003180517,-0.6742387796239513,-0.4139096063343938,False,False
ANANDRATHI.NS,3075.89990234375,True,0.8169020992740829,0.7138087534765961,0.050368803755917346,2827.0,0.2580511927400411,-0.33125573086758536,-1.400783583392656,-0.416391317182056,False,False
METROPOLIS.NS,1903.800048828125,False,0.5722054067510635,0.7596848503457936,0.05578976285512405,1839.0,0.3075837831052049,-0.6423436890725203,-1.157194272855878,-0.4168278753364375,False,False
CDSL.NS,1272.199951171875,False,1.012923207394444,0.8688679105144138,-0.03839761816184806,1195.0,-0.5530286797639596,-0.08205004826729694,-0.5774626007260508,-0.4190652666035882,False,False
BHARTIHEXA.NS,1606.9000244140625,False,0.6246021404966939,0.8008753021301377,0.030262277822554307,1551.0999755859375,0.0743330914782998,-0.5757306394662106,-0.9384844340599885,-0.4245312854665398,False,False
MINDACORP.NS,555.5499877929688,False,0.5613146367942244,0.8953923037570238,-0.0044512485633547705,543.7983660325165,-0.24285264099755732,-0.65618934981366,-0.43662545233490474,-0.42498549704359234,False,False
GUJGASLTD.NS,407.3999938964844,False,1.0366714054195716,0.8381048556274342,-0.030692348967753635,401.20001220703125,-0.482623805707587,-0.05185847371633159,-0.7408058631507105,-0.43084882334314745,False,False
INDIGO.NS,4827.2001953125,False,0.5141071775764086,0.7891729957365828,0.044622418375351636,4582.7998046875,0.20554510517749516,-0.7162051675539489,-1.0006204251453614,-0.432829635738795,False,False
HINDALCO.NS,924.7000122070312,False,0.7695477354902983,1.0529803731737994,-0.09701677836428535,881.0,-1.0886458642363797,-0.3914583114161779,0.40012335145943684,-0.4328588336815742,False,False
APOLLOTYRE.NS,454.04998779296875,False,1.1260192902613024,0.9038959251533734,-0.07023317738597734,440.5,-0.8439177429788933,0.061731337321792375,-0.39147358863323556,-0.43648977258499033,False,False
BRIGADE.NS,694.0499877929688,False,1.1255414807303443,0.8672829752580328,-0.055007180533171884,685.0,-0.7047941946898733,0.061123888198291725,-0.5858781659701487,-0.4393439612075064,False,False
DEVYANI.NS,127.44000244140625,False,0.16599052800391959,0.6755998424028651,0.1279872424750219,113.5,0.9672692959387167,-1.158773052783786,-1.6036622705518593,-0.44182287862520686,False,False
NHPC.NS,75.33000183105469,False,1.063299331766192,0.8260950572949008,-0.03143721253674536,73.6004456037503,-0.4894298009873153,-0.018005841083700947,-0.8045745508803718,-0.44254603798414793,False,False
CAMS.NS,677.5999755859375,False,0.9103502987505759,0.8756257185299857,-0.03818314324210437,662.0,-0.5510689715003757,-0.21245310516256108,-0.5415805203488439,-0.44663767625357176,False,False
SOBHA.NS,1395.0999755859375,False,0.8365518098500931,0.8206949354378343,-0.007752506695634764,1371.5999755859375,-0.27301702035615094,-0.3062746480446784,-0.8332476954970104,-0.451063511204967,False,False
DALBHARAT.NS,1993.0,False,0.8929227734301145,0.8661506084241601,-0.034071655679964064,1980.800048828125,-0.5135013334717539,-0.2346090779818387,-0.5918907188061977,-0.4533504724251125,False,False
VEDL.NS,718.4000244140625,True,0.8892090880447527,0.931603495748784,-0.06256926038943678,639.0499877929688,-0.7738907137696501,-0.23933036290006054,-0.24435409768724714,-0.4546616236840524,False,False
AWL.NS,189.10000610351562,False,1.2581545433430608,0.914437497177751,-0.09361069032360358,188.0800018310547,-1.057523629115391,0.22971761316501646,-0.335500774103845,-0.45474439992780497,False,False
NUVOCO.NS,328.1499938964844,False,0.6673620501771818,0.9903687531061807,-0.06563216830687058,321.29998779296875,-0.8018772306246965,-0.5213690832948741,0.0676730689659783,-0.45685969654854736,False,False
SUMICHEM.NS,401.1499938964844,False,0.8402392488635803,0.830085909902861,-0.014615603335359051,396.0,-0.33572676382972616,-0.30158673068100983,-0.7833842338837305,-0.45978199490131255,False,False
CGCL.NS,159.67999267578125,False,0.9357346138301961,1.0236007264755047,-0.10902805720249409,155.64999389648438,-1.1983957707689377,-0.18018150121431034,0.24412560161910823,-0.46017507818613573,False,False
SONATSOFTW.NS,268.20001220703125,False,0.8321650452668679,1.1374194729655764,-0.1485174396241702,267.0,-1.55921963375518,-0.3118516324462673,0.8484714783558954,-0.4627018997291836,False,False
CONCOR.NS,495.6499938964844,False,0.7612473839407767,0.8169870645947378,-0.003236551223515405,490.5,-0.23175366300292122,-0.40201071974380953,-0.8529354580545906,-0.4691853185406885,False,False
ABREL.NS,1290.199951171875,False,0.796585820500457,0.7888644875117226,0.005063488546576789,1186.0,-0.15591422897975943,-0.3570842356047917,-1.0022585179849268,-0.4701685176688193,False,False
NIACL.NS,147.3000030517578,False,0.5186376367960092,0.8617684654677688,0.001972713119912317,142.1999969482422,-0.18415537788311298,-0.7104455011938338,-0.615158678686579,-0.47134340511736905,False,False
TRITURBINE.NS,489.20001220703125,False,0.8791359424437342,0.7398752442469041,0.017389696138235156,478.5,-0.04328674365471176,-0.2521365609136569,-1.2623777697299017,-0.4716689966549522,False,False
MUTHOOTFIN.NS,3353.5,False,1.0938846004738043,1.1356834679387022,-0.18041399906668432,3332.39990234375,-1.8506660704485236,0.020877842611800174,0.8392537746617392,-0.48222694299734764,False,False
INDIAMART.NS,2132.0,False,0.6731921904291093,0.8652986013217436,-0.019905322418142468,2125.10009765625,-0.3840601830050606,-0.5139571055998755,-0.5964146394710662,-0.48673559672330674,False,False
ABFRL.NS,66.93000030517578,False,0.2657735891018762,0.8239756052603705,0.04057836789078206,62.88999938964844,0.1685936557379411,-1.0319167866841474,-0.8158282515009593,-0.48688604916035555,False,False
IDEA.NS,10.59000015258789,False,0.733668450723204,0.6808310259004418,0.05373133846811817,10.40999984741211,0.2887754707580142,-0.43707238704982704,-1.575886141621378,-0.4883773702981558,False,False
ELECON.NS,415.8500061035156,False,0.158221923072896,0.812098223532632,0.054119153621079,389.79998779296875,0.2923190298879517,-1.158970580541205,-0.8788938439006593,-0.4944317153773785,False,False
SAREGAMA.NS,333.0,False,0.48501421834840946,0.8320626058717548,0.01200429221567556,317.1000061035156,-0.09249445792913366,-0.7531916473917435,-0.772888528253486,-0.4948218358652223,False,False
360ONE.NS,1103.5999755859375,False,0.7404098191539469,0.8626531999067077,-0.02835012489690447,1067.4000244140625,-0.46122234826774466,-0.4285019461541875,-0.6104609849703119,-0.4961778186444477,False,False
GRANULES.NS,582.25,False,0.5843913648281917,0.8022386555969723,0.01410776842551531,537.6500244140625,-0.07327449638024337,-0.6268514289283497,-0.9312454064689742,-0.4967388491712945,False,False
HFCL.NS,68.51000213623047,False,0.3709294390930052,0.7885459524539022,0.040869074048594634,63.45000076293945,0.17124990692302527,-0.8982299831162271,-1.0039498505178028,-0.5021539873209988,False,False
PTCIL.NS,17936.0,False,0.6588291874849708,0.8482840248028138,-0.023465998802199572,17255.0,-0.41659492852273533,-0.5322170878395749,-0.68675730692027,-0.5323302898370477,False,False
SOLARINDS.NS,13504.0,False,0.7253177261663855,0.7419911927622487,0.013281308621595267,12851.0,-0.08082605583156552,-0.44768883562184075,-1.251142671821427,-0.5419798745656065,False,False
PNBHOUSING.NS,824.75,False,0.6531804705107188,0.8322638032421148,-0.019904931669637582,779.9000244140625,-0.3840566126431977,-0.5393984183752636,-0.7718202261948446,-0.5469882384283115,False,False
ITC.NS,313.6000061035156,False,0.45880785413065533,0.8209734560042122,0.004935074104835735,295.8007075190383,-0.15708758222285282,-0.7865083393846648,-0.8317688287806952,-0.5483181833387492,False,False
CANFINHOME.NS,843.4000244140625,False,0.6587198094769132,0.9298063427757309,-0.06351316091770964,836.0999755859375,-0.7825153570028455,-0.5323561423598805,-0.25389647996277687,-0.5488819294979355,False,False
CUB.NS,283.04998779296875,False,0.7755667801172662,0.8223961063303517,-0.02965383631154339,268.20001220703125,-0.4731346689980649,-0.38380617568830455,-0.8242149513645913,-0.5516602057150948,False,False
NLCINDIA.NS,260.04998779296875,True,0.5779066507888937,0.8335985316072155,-0.016452368396115413,241.5500030517578,-0.3525097222853256,-0.6350955797962177,-0.7647331899298422,-0.5609525198319483,False,False
ZENTEC.NS,1359.9000244140625,False,0.6890337224434121,0.8007421620923003,-0.017484250848014304,1288.800048828125,-0.3619382772438732,-0.49381743882156803,-0.9391913706181293,-0.5746779537294584,False,False
GRAVITA.NS,1613.0,False,0.6125333038048842,0.7918148747144454,-0.006712250908423645,1526.0,-0.2635119562448095,-0.5910740007746625,-0.9865927828074786,-0.5787048175725662,False,False
YESBANK.NS,20.719999313354492,False,1.100015119219688,0.7184339052385532,-0.027686539998784565,20.56999969482422,-0.45515901550142807,0.028671697688998042,-1.3762253143656424,-0.5863296912035645,False,False
ABBOTINDIA.NS,26530.0,False,0.5982578703585518,0.7812602495309814,-0.003942181340341633,26075.0,-0.23820117291517845,-0.6092226541034861,-1.0426349059799138,-0.5908377371910913,False,False
EMAMILTD.NS,462.6000061035156,False,0.6644120888417989,0.8072155321362656,-0.025415236682015507,460.75,-0.43440557783003453,-0.5251194300574132,-0.9048195767326368,-0.6027439331690287,False,False
AMBUJACEM.NS,500.3999938964844,False,0.7668805220705972,0.8767683708327061,-0.06650498033450747,493.3500061035156,-0.8098523213493347,-0.39484919491475057,-0.5355133545348794,-0.6030496933746229,False,False
BERGEPAINT.NS,456.1000061035156,False,0.9517703812841152,0.7093267075330754,-0.01596546687483147,448.75,-0.3480607874823565,-0.15979489891064597,-1.4245820003392695,-0.6145373847679172,False,False
LEMONTREE.NS,113.66999816894531,False,1.1709032230852776,0.8213415633153902,-0.0880866684518572,112.9000015258789,-1.007049329727768,0.11879320797664139,-0.8298142813746888,-0.6161260539105214,False,False
GSPL.NS,304.75,False,0.79671415706732,0.7109915908420288,-0.0013108107635094735,292.6499938964844,-0.21415771519932042,-0.35692107867718154,-1.4157419331794923,-0.6174619896367303,False,False
SWIGGY.NS,301.75,False,0.7216899472186191,0.9022609700402546,-0.07904774722708241,298.3500061035156,-0.9244585604236288,-0.45230090591197475,-0.4001547453998779,-0.6255201195630072,False,False
ACC.NS,1592.4000244140625,False,0.6427321102884725,0.8573097689311321,-0.051295785276102124,1585.0999755859375,-0.6708822950449285,-0.5526816344850297,-0.6388331167790071,-0.6258073433971824,False,False
VGUARD.NS,313.20001220703125,False,0.4062845780825919,0.9373501429906055,-0.0636770935514761,309.1000061035156,-0.7840132483994112,-0.853282264833163,-0.2138409996892948,-0.6337422787165018,False,False
SAGILITY.NS,39.54999923706055,False,1.2850855168409128,1.0321819875299951,-0.19760603565739643,38.68000030517578,-2.007753790611413,0.2639555158989484,0.28968971030427665,-0.6370079483835976,False,False
JIOFIN.NS,255.39999389648438,False,0.8962144908870244,0.6506418231406166,0.003536321793651709,237.0,-0.1698683141900694,-0.23042424960471905,-1.7361824089103757,-0.6579293232305562,False,False
OLECTRA.NS,997.0999755859375,False,1.3160261822510846,0.6866620766063497,-0.06093432875012095,988.9000244140625,-0.7589519552062204,0.3032910227613754,-1.54492488471221,-0.6760709406677385,False,False
MCX.NS,2443.300048828125,True,0.6382316827883376,0.9159024686689565,-0.09035739060754844,2125.5,-1.027797457192411,-0.5584031209000314,-0.327722183076011,-0.676956574069777,False,False
NUVAMA.NS,1244.9000244140625,False,0.5860599218624082,0.8677301028788533,-0.06405529865102255,1223.0,-0.7874689981896267,-0.6247301579149538,-0.5835040427052998,-0.6774578594619267,False,False
HAL.NS,3913.199951171875,False,1.502911874147179,0.8236142750117075,-0.14242284063568866,3900.0,-1.5035318357822025,0.5408826620688961,-0.8177468145905539,-0.6844719800693784,True,False
BIKAJI.NS,638.1500244140625,False,0.8806926891765197,0.7211177189773681,-0.03310602361505677,619.5,-0.5046781240287016,-0.2501574366453594,-1.3619750101143668,-0.6855109836393984,False,False
VENTIVE.NS,694.7000122070312,False,0.7762101985489039,0.8235222842293753,-0.0673916103661274,681.0,-0.817953670457117,-0.3829881845495368,-0.818235260050679,-0.6875485015629116,False,False
ALOKINDS.NS,14.300000190734863,False,0.73469036932548,0.7657408678971256,-0.038332192280497,14.25,-0.5524308679522608,-0.435773200828077,-1.1250385045887203,-0.6892158588059436,False,False
PGHH.NS,11351.0,False,0.6694345363658446,0.7332328722077013,-0.018346280814171112,11286.0,-0.3698148497128279,-0.5187342888062709,-1.2976469171896667,-0.6928403016839124,False,False
HEXT.NS,473.5,False,1.3089288416081792,1.1308941785040634,-0.3188520702432398,458.75,-2.5734776809846784,0.29426802704156757,0.8138239802598519,-0.6969634702034456,False,False
RECLTD.NS,349.79998779296875,False,0.6342596611934281,0.8250642373515046,-0.0565881851358625,339.79998779296875,-0.7192402091159871,-0.5634528339761086,-0.8100479179807899,-0.6997463092334644,False,False
INDIACEM.NS,406.0,False,0.6025319841362576,0.9043266907056821,-0.0880503394703459,402.1000061035156,-1.0067173831982608,-0.6037888849971995,-0.3891863433998617,-0.7005795217984228,False,False
HUDCO.NS,186.75,False,0.7780419865603242,0.839578250863922,-0.07898527434260716,176.94885018735266,-0.923887730845502,-0.38065939462409315,-0.7329825443791168,-0.7036476740391637,False,False
CENTURYPLY.NS,735.0499877929688,False,0.7951752543947549,0.7775427187233209,-0.05484122893739729,725.2999877929688,-0.7032778555580855,-0.35887751742324,-1.0623739602616928,-0.707686585528714,False,False
INOXWIND.NS,92.12999725341797,False,1.0712187560165642,0.8966645203400714,-0.13832773259271403,91.6500015258789,-1.4661138613091182,-0.007937713497648002,-0.42987033624031645,-0.7177879594450366,False,False
ASIANPAINT.NS,2376.199951171875,False,0.7412101872663589,0.6943373103875814,-0.016473530144091475,2356.800048828125,-0.3527030822009285,-0.4274844216452317,-1.5041715287693653,-0.7205780180047505,False,False
WOCKPHARMA.NS,1361.9000244140625,False,0.34925926020931825,0.763429387766312,-0.0071443661927961255,1275.0,-0.2674602961934508,-0.9257797290214671,-1.1373118209737154,-0.7259115834759351,False,False
NTPCGREEN.NS,90.13999938964844,False,0.6054120308483925,0.7385217566361618,-0.02371929381538962,84.05000305175781,-0.4189093451970315,-0.6001274221389364,-1.2695644123699854,-0.7284712884314892,False,False
MOTILALOFS.NS,725.1500244140625,False,0.6664417123388572,0.7255228011063612,-0.02448369108713444,712.75,-0.42589382455662045,-0.522539127793764,-1.3385852496097022,-0.728694843043688,False,False
SUZLON.NS,42.66999816894531,False,1.1708432985986248,0.7782750176111718,-0.10054807326824278,42.45000076293945,-1.1209121441944614,0.11871702473931565,-1.05848565691045,-0.7302954473291248,False,False
MSUMI.NS,43.20000076293945,False,0.5899922768249202,0.6277752589511492,0.02491101302608212,40.849998474121094,0.025437314504448885,-0.6197308738477619,-1.8575975027257616,-0.7330235871702775,False,False
HONAUT.NS,30975.0,False,0.658752920593088,0.7533595764897516,-0.04087320018578733,30805.0,-0.5756486604838089,-0.532314047514141,-1.1907797171874355,-0.7471875936039964,False,False
BAJAJHFL.NS,87.04000091552734,False,0.7087324535966275,0.6570172001425076,-0.011133785104685767,86.66999816894531,-0.30391256398248184,-0.4687740351265825,-1.7023309308142651,-0.772896515375247,False,False
VBL.NS,451.3999938964844,False,0.612222079170917,0.7287475133316355,-0.03350817750887436,432.20001220703125,-0.5083526996382348,-0.5914696670786314,-1.3214629248863565,-0.7772208574447903,False,False
POLICYBZR.NS,1481.5999755859375,False,0.9471088246066343,0.7942030553128023,-0.09944078558317815,1412.300048828125,-1.1107945937173285,-0.16572123217613421,-0.9739122082797521,-0.7862078696236974,False,False
CREDITACC.NS,1265.199951171875,False,0.38942307522856273,0.6996738960700041,-0.002208240400729533,1225.5999755859375,-0.22235774286757637,-0.8747186416024696,-1.4758357435627867,-0.7941094126966074,False,False
POLYMED.NS,1256.0999755859375,False,0.9768097437922588,0.932716932286764,-0.1657700628811708,1229.0,-1.7168609486727868,-0.12796184028980326,-0.23844205945552227,-0.7966655493927124,False,False
GMDCLTD.NS,569.4000244140625,False,0.3907534349783354,0.8616860237756199,-0.07916221089115572,536.5999755859375,-0.925504442098897,-0.8730273277805801,-0.6155964211346189,-0.8167889015141185,False,False
NBCC.NS,92.66999816894531,False,0.7766455260761852,0.7380376596985557,-0.06558139785351569,92.20999908447266,-0.801413328938176,-0.3824347436745663,-1.2721348324212085,-0.8169362044040027,False,False
FIVESTAR.NS,417.1499938964844,False,0.7337515337910304,0.733123950593606,-0.059519771441875924,416.0,-0.746026809228343,-0.43696676183002925,-1.2982252606558877,-0.8189683304371123,False,False
AIAENG.NS,3851.60009765625,False,0.44367931887354867,0.7508637632697693,-0.0370758789740222,3811.60009765625,-0.5409516349897714,-0.8057415586621257,-1.204031790989997,-0.8193126588915454,False,False
RCF.NS,126.77999877929688,False,0.50650586925393,0.7754032474565244,-0.05552867815796669,125.51000213623047,-0.7095592423046297,-0.725868867791759,-1.0737339574357794,-0.8237045444901134,False,False
JUBLINGREA.NS,585.4000244140625,False,0.6889476272352603,0.7361318104282017,-0.058762419796227316,579.0499877929688,-0.7391067074272087,-0.4939268934375623,-1.2822543617934696,-0.828497059540193,False,False
COCHINSHIP.NS,1491.699951171875,False,0.5171722907832185,0.8021320386046604,-0.07144392071137995,1455.0,-0.8549805922048357,-0.7123084258393719,-0.9318115130347266,-0.835228218544164,False,False
NSLNISP.NS,40.56999969482422,False,0.8736655416536989,0.7097949661006863,-0.06842708598029967,37.900001525878906,-0.8274150569924659,-0.2590911944021117,-1.4220956776261038,-0.835322084405451,False,False
ATGL.NS,512.0,False,0.34402811867393857,0.7402851220472046,-0.028647270509075562,510.04998779296875,-0.46393743827619544,-0.9324301872787614,-1.2602014326482138,-0.8433644612885707,False,False
CYIENT.NS,914.7000122070312,False,0.8097395766638831,0.962075331359535,-0.17964124465737108,908.0999755859375,-1.8436052299387717,-0.34036159376842584,-0.08255712859512164,-0.8643177086845729,False,False
FACT.NS,743.4500122070312,False,0.47525768213382275,0.8144969467683101,-0.08062822016764837,726.9000244140625,-0.9388997169266793,-0.7655953333543674,-0.8661572909019734,-0.865085674047574,False,False
TTML.NS,41.59000015258789,False,0.3953689090148058,0.70068974122145,-0.023020896153670423,41.13999938964844,-0.41252791994425886,-0.8671595803282177,-1.470441888441276,-0.8662916086085517,False,False
SYNGENE.NS,422.20001220703125,False,1.0259005241886499,0.7414216298513927,-0.10683308376535905,418.1000061035156,-1.1783397773304451,-0.06555171744450372,-1.254166892411908,-0.8672514938891016,False,False
AAVAS.NS,1285.5999755859375,False,0.9498285427240466,0.7902439161152592,-0.1213777894427196,1247.0,-1.3112382063933024,-0.1622635983711363,-0.9949341358905158,-0.8716546028358165,False,False
RAILTEL.NS,313.6499938964844,False,0.5927748183580703,0.7881628753847316,-0.08436723084617659,310.6000061035156,-0.9730639452341044,-0.6161933713370294,-1.0059838831738017,-0.8758787544468911,False,False
CAPLIPOINT.NS,1700.0999755859375,False,0.49761428049041434,0.6512037597794758,-0.015462168454481562,1681.0999755859375,-0.34346203031957434,-0.7371729281986229,-1.7331986817023846,-0.8784962950981319,False,False
MAPMYINDIA.NS,1034.0999755859375,False,0.9180471927671163,0.991906952967504,-0.20849600031692495,1020.2000122070312,-2.1072579832644203,-0.2026678848580403,0.07584048226523589,-0.8809514140836094,False,False
ASAHIINDIA.NS,900.7000122070312,False,0.7057201958452279,0.7068565798789415,-0.06352669615451223,880.5999755859375,-0.7826390316751255,-0.4726035806092282,-1.437697690933521,-0.8861459941328749,False,False
NIVABUPA.NS,75.08999633789062,False,0.3515255477901898,0.733387473464431,-0.0382941268320367,74.69000244140625,-0.5520830549119584,-0.9228985508209396,-1.2968260275302372,-0.8867505954701365,False,False
IREDA.NS,122.25,False,0.6047989564790391,0.7640879008781466,-0.08262040342701016,121.6500015258789,-0.9571027683632314,-0.6009068362447154,-1.133815299564133,-0.9032577480879471,False,False
LATENTVIEW.NS,337.20001220703125,False,0.766153345627714,0.8855218135791697,-0.1529766213584255,332.25,-1.599964235985994,-0.3957736693428223,-0.4890350089704405,-0.9054282978883765,False,False
CASTROLIND.NS,186.91000366210938,False,0.3210834547692261,0.5962194065668639,0.012678096359286295,182.02000427246094,-0.08633774949045449,-0.9616002123094185,-1.9466933612250412,-0.9070231718565196,False,False
BEML.NS,1681.0,False,0.5239805281496803,0.7078114959397025,-0.05362147668496686,1567.7447249723598,-0.6921326896269381,-0.7036529730849056,-1.4326273523316018,-0.9177371734757274,False,False
IEX.NS,125.63999938964844,False,0.31617811551587527,0.6402524992953512,-0.003365932756510537,117.58625735897147,-0.23293585278841558,-0.967836471397734,-1.791346827967802,-0.920929330925027,False,False
RADICO.NS,2649.5,False,0.4871251635255701,0.5713499772422017,-0.019175970048420532,2629.800048828125,-0.3773959172358197,-0.7505079591968828,-1.9466933612250412,-0.960118763020905,False,False
GRSE.NS,2434.10009765625,False,0.3468835851565015,0.7158977211023094,-0.05576200151209554,2387.0,-0.711691173188296,-0.9287999737739361,-1.389691746501388,-0.9802239853579157,False,False
ABLBL.NS,102.08000183105469,False,0.282983252910711,0.6414937011303381,-0.018178314585535316,101.45999908447266,-0.3682801024022614,-1.0100377857034533,-1.7847563915563636,-0.9857502941388496,False,False
DCMSHRIRAM.NS,1037.199951171875,False,0.6433184755638156,0.791707573679859,-0.1262741365486708,1033.0,-1.3559772924196531,-0.5519361762020103,-0.9871625214473921,-1.004120526262682,False,False
ITI.NS,270.29998779296875,False,0.12474009026330712,0.7798710869758629,-0.07224993262251,268.0,-0.8623453144048778,-1.158970580541205,-1.0500109726490032,-1.0076325917190136,False,False
MAZDOCK.NS,2224.89990234375,False,0.6562382602717347,0.755300919542386,-0.11336750846189547,2214.300048828125,-1.238046367223904,-0.5355109871085542,-1.1804717257064932,-1.0100133607340758,False,False
AIIL.NS,481.8500061035156,False,0.5942833986349816,0.6641009828394027,-0.06852886627873023,472.0,-0.8283450477444977,-0.6142754820787248,-1.6647180155732655,-1.015036068393396,False,False
IRFC.NS,103.55000305175781,False,1.1312430383943446,0.6926720976732922,-0.13751453308816242,101.7300033569336,-1.458683464361463,0.0683723961940207,-1.5130133449798273,-1.0168656703803272,False,False
JBMA.NS,551.3499755859375,False,0.10606499395218583,0.6257404470873159,-0.01825142529485657,542.0999755859375,-0.36894813231170054,-1.158970580541205,-1.8684017875888883,-1.0557909633637081,False,False
RVNL.NS,316.3500061035156,False,0.5825253780518752,0.6330294581025291,-0.07060064594338922,303.0,-0.8472753904344928,-0.6292236964498122,-1.8296991670770963,-1.0765870152318697,False,False
KEC.NS,585.2999877929688,False,0.6124600456189704,0.6736210384070106,-0.09213591327649528,574.5499877929688,-1.0440482410857985,-0.5911671354192005,-1.6141691692187607,-1.0792201878257077,False,False
IIFL.NS,496.20001220703125,False,0.38973705924007535,0.7231443787415085,-0.09120876885159113,475.75,-1.035576702347415,-0.8743194672448462,-1.3512140106324984,-1.0818907243021694,False,False
RITES.NS,213.91000366210938,False,0.2817898901465983,0.6306426029041753,-0.0420857414481276,212.71687039388138,-0.5867279378864273,-1.0115549324284778,-1.8423727040995648,-1.0908694661129839,False,False
ALKYLAMINE.NS,1484.300048828125,False,0.272451842949151,0.6253050879996404,-0.043066164534351414,1474.0,-0.5956862964030191,-1.0234265846617907,-1.8707134232170277,-1.106516520924853,False,False
ECLERX.NS,3172.39990234375,False,1.1757637729445662,0.904712888689951,-0.32251316871333735,3160.0,-2.5734776809846784,0.12497252538338215,-0.3871357395530044,-1.1080400366447583,False,False
INTELLECT.NS,697.5999755859375,False,0.8924411317480785,0.8758585802212775,-0.22742126789407524,664.0,-2.2801826464642003,-0.23522139899813882,-0.5403440895558337,-1.144742705151872,False,False
HBLENGINE.NS,684.75,False,0.3967638428699114,0.6761183328002295,-0.10696949353080987,680.4000244140625,-1.179586185744571,-0.8653861721127597,-1.6009092307984112,-1.2117230951711795,False,False
NATIONALUM.NS,354.6000061035156,True,0.5399115403095228,0.7534760481177951,-0.162782998105234,334.3500061035156,-1.6895674286087194,-0.6833995483498035,-1.1901612852477457,-1.2378952215227526,False,False
DEEPAKFERT.NS,996.0,False,0.42332955797754945,0.6470329827012566,-0.1063257065948856,960.0999755859375,-1.1737037516593836,-0.831612629912913,-1.7553443475767656,-1.245568593910657,False,False
BDL.NS,1265.199951171875,False,0.602316220935858,0.73310805752502,-0.17050722740691537,1227.699951171875,-1.7601455456697332,-0.6040631892093897,-1.298309648428244,-1.2747700695591835,False,False
RPOWER.NS,23.969999313354492,False,0.6738317344456168,0.579466428576321,-0.136838353682735,23.299999237060547,-1.4525050525916163,-0.5131440400850696,-1.9466933612250412,-1.3189532414296798,False,False
IRCON.NS,143.61000061035156,False,0.23914116998774743,0.5914110830070126,-0.10657049038153299,142.7100067138672,-1.1759403992359743,-1.0657751310648873,-1.9466933612250412,-1.3741167073813683,False,False
TITAGARH.NS,700.9500122070312,False,0.36473806469548536,0.6289162197965142,-0.13141262427877165,699.0499877929688,-1.4029288748192974,-0.9061012052400224,-1.8515393180797495,-1.3884637069236505,False,False
MMTC.NS,61.81999969482422,False,0.14188849792519032,0.5386996768409746,-0.10392808219973404,60.369998931884766,-1.1517960883029223,-1.158970580541205,-1.9466933612250412,-1.3924176178510428,False,False
HINDZINC.NS,603.7999877929688,False,0.4207775482593287,0.6601321973972162,-0.15576065787568127,560.3499755859375,-1.6254026386463403,-0.8348570525668306,-1.6857911620592674,-1.4063555198463655,False,False
OLAELEC.NS,25.219999313354492,False,0.7887770009090035,0.6328209937982103,-0.20816329634873587,24.780000686645508,-2.104217988114561,-0.36701174920396895,-1.8308060545332223,-1.5010325363669819,False,False
JWL.NS,267.20001220703125,False,0.10631682630160329,0.6112970515813756,-0.18199902893092623,265.5,-1.8651488646451326,-1.158970580541205,-1.9450921992238035,-1.6772783797875557,False,False
HINDCOPPER.NS,566.2999877929688,True,0.2633460634467296,0.7315632527377686,-0.25372287622199674,545.0,-2.5205066864376002,-1.0350029501780762,-1.3065121320465296,-1.7106571992424218,False,False
