Date,Ticker,Action,Price,Shares,Return_Pct
2021-12-31,TARIL.NS,BUY,17.642681121826172,1889,0.0
2021-12-31,JPPOWER.NS,BUY,6.199999809265137,5376,0.0
2021-12-31,GRAVITA.NS,BUY,286.3995361328125,116,0.0
2021-12-31,FACT.NS,BUY,131.41635131835938,253,0.0
2021-12-31,SUZLON.NS,BUY,9.365781784057617,3559,0.0
2021-12-31,KPRMILL.NS,BUY,655.6248779296875,50,0.0
2021-12-31,UNOMINDA.NS,BUY,605.9592895507812,55,0.0
2021-12-31,PGEL.NS,BUY,80.21846771240234,415,0.0
2021-12-31,TTML.NS,BUY,206.35000610351562,161,0.0
2021-12-31,ALOKINDS.NS,BUY,25.75,1294,0.0
2021-12-31,INTELLECT.NS,BUY,729.8934936523438,45,0.0
2021-12-31,KPITTECH.NS,BUY,599.37353515625,55,0.0
2021-12-31,SWANCORP.NS,BUY,145.63421630859375,228,0.0
2021-12-31,CCL.NS,BUY,414.118408203125,80,0.0
2021-12-31,JWL.NS,BUY,43.385276794433594,768,0.0
2022-01-31,TARIL.NS,SELL,16.59311866760254,1889,-0.059489963400471746
2022-01-31,JPPOWER.NS,SELL,9.050000190734863,5376,0.4596774950235889
2022-01-31,GRAVITA.NS,SELL,330.1488952636719,116,0.15275638962826887
2022-01-31,FACT.NS,SELL,141.18409729003906,253,0.07432671713748218
2022-01-31,SUZLON.NS,SELL,10.97265625,3559,0.17156864242530134
2022-01-31,KPRMILL.NS,SELL,657.0452270507812,50,0.0021664051638474735
2022-01-31,UNOMINDA.NS,SELL,545.7517700195312,55,-0.09935901729616836
2022-01-31,PGEL.NS,SELL,75.5670394897461,415,-0.05798450600343619
2022-01-31,TTML.NS,SELL,149.1999969482422,161,-0.2769566632656366
2022-01-31,ALOKINDS.NS,SELL,30.950000762939453,1294,0.20194177720153217
2022-01-31,INTELLECT.NS,SELL,755.3131103515625,45,0.03482647389007476
2022-01-31,KPITTECH.NS,SELL,631.9358520507812,55,0.054327251679610056
2022-01-31,SWANCORP.NS,SELL,167.50930786132812,228,0.15020571475031552
2022-01-31,CCL.NS,SELL,456.35302734375,80,0.10198681899672746
2022-01-31,JWL.NS,SELL,49.193145751953125,768,0.13386727910111418
2022-01-31,MMTC.NS,BUY,61.099998474121094,583,0.0
2022-01-31,BDL.NS,BUY,238.86146545410156,149,0.0
2022-01-31,GMDCLTD.NS,BUY,101.64278411865234,350,0.0
2022-01-31,TATAELXSI.NS,BUY,7354.23046875,4,0.0
2022-01-31,DBREALTY.NS,BUY,82.5,432,0.0
2022-01-31,DEEPAKFERT.NS,BUY,546.1795043945312,65,0.0
2022-01-31,NAVA.NS,BUY,61.3986701965332,580,0.0
2022-01-31,HSCL.NS,BUY,55.88047409057617,637,0.0
2022-01-31,TRITURBINE.NS,BUY,197.68385314941406,180,0.0
2022-01-31,DCMSHRIRAM.NS,BUY,1086.970947265625,32,0.0
2022-01-31,BLS.NS,BUY,59.0394172668457,603,0.0
2022-01-31,CANBK.NS,BUY,44.230194091796875,805,0.0
2022-01-31,POWERINDIA.NS,BUY,3114.67626953125,11,0.0
2022-01-31,BANKBARODA.NS,BUY,95.34477233886719,373,0.0
2022-01-31,ADANIGREEN.NS,BUY,1877.8499755859375,18,0.0
2022-02-28,MMTC.NS,SELL,46.25,583,-0.2430441709488882
2022-02-28,BDL.NS,SELL,218.58511352539062,149,-0.0848874969855995
2022-02-28,GMDCLTD.NS,SELL,118.27117156982422,350,0.1635963398224196
2022-02-28,TATAELXSI.NS,SELL,6217.8427734375,4,-0.15452163216006098
2022-02-28,DBREALTY.NS,SELL,94.94999694824219,432,0.15090905391808707
2022-02-28,DEEPAKFERT.NS,SELL,542.5845947265625,65,-0.00658191975173783
2022-02-28,NAVA.NS,SELL,58.53913497924805,580,-0.04657324349423153
2022-02-28,HSCL.NS,SELL,54.439998626708984,637,-0.025777796042537715
2022-02-28,TRITURBINE.NS,SELL,171.39093017578125,180,-0.1330049093780058
2022-02-28,DCMSHRIRAM.NS,SELL,1005.9371337890625,32,-0.07455011900769792
2022-02-28,BLS.NS,SELL,53.16519546508789,603,-0.09949660876914779
2022-02-28,CANBK.NS,SELL,38.3986930847168,805,-0.13184434585516802
2022-02-28,POWERINDIA.NS,SELL,3295.912109375,11,0.05818769726300488
2022-02-28,BANKBARODA.NS,SELL,94.458251953125,373,-0.009298049216493798
2022-02-28,ADANIGREEN.NS,SELL,1843.4000244140625,18,-0.01834542248835702
2022-02-28,ADANIPOWER.NS,BUY,24.75,1380,0.0
2022-02-28,HINDALCO.NS,BUY,557.538818359375,61,0.0
2022-02-28,CHALET.NS,BUY,261.95977783203125,130,0.0
2022-02-28,RHIM.NS,BUY,512.7654418945312,66,0.0
2022-02-28,DBREALTY.NS,BUY,94.94999694824219,359,0.0
2022-02-28,NATIONALUM.NS,BUY,101.01090240478516,338,0.0
2022-02-28,JINDALSTEL.NS,BUY,418.9294128417969,81,0.0
2022-02-28,COALINDIA.NS,BUY,125.23987579345703,272,0.0
2022-02-28,GMDCLTD.NS,BUY,118.27117156982422,288,0.0
2022-02-28,VOLTAS.NS,BUY,1238.0543212890625,27,0.0
2022-02-28,VEDL.NS,BUY,204.80029296875,166,0.0
2022-02-28,JSWENERGY.NS,BUY,332.7181091308594,102,0.0
2022-02-28,BLUESTARCO.NS,BUY,520.9847412109375,65,0.0
2022-02-28,NMDC.NS,BUY,31.086618423461914,1098,0.0
2022-02-28,GAIL.NS,BUY,80.50836181640625,424,0.0
2022-03-31,ADANIPOWER.NS,SELL,37.02000045776367,1380,0.49575759425307764
2022-03-31,HINDALCO.NS,SELL,553.4088745117188,61,-0.007407455250935002
2022-03-31,CHALET.NS,SELL,302.0154113769531,130,0.15290757182809012
2022-03-31,RHIM.NS,SELL,602.7993774414062,66,0.17558503009528814
2022-03-31,DBREALTY.NS,SELL,105.1500015258789,359,0.10742501216926637
2022-03-31,NATIONALUM.NS,SELL,101.42726135253906,338,0.00412192088023744
2022-03-31,JINDALSTEL.NS,SELL,526.5880737304688,81,0.2569852046395409
2022-03-31,COALINDIA.NS,SELL,135.21177673339844,272,0.07962241160624317
2022-03-31,GMDCLTD.NS,SELL,169.18174743652344,288,0.4304563419044425
2022-03-31,VOLTAS.NS,SELL,1220.6571044921875,27,-0.014052062577319724
2022-03-31,VEDL.NS,SELL,224.87925720214844,166,0.09804167729614655
2022-03-31,JSWENERGY.NS,SELL,295.5538330078125,102,-0.11169898813181223
2022-03-31,BLUESTARCO.NS,SELL,512.1969604492188,65,-0.01686763558812321
2022-03-31,NMDC.NS,SELL,35.2995491027832,1098,0.13552232095278893
2022-03-31,GAIL.NS,SELL,89.46768951416016,424,0.11128443674192545
2022-03-31,TATAELXSI.NS,BUY,8546.01171875,4,0.0
2022-03-31,ADANIPOWER.NS,BUY,37.02000045776367,1039,0.0
2022-03-31,LEMONTREE.NS,BUY,63.400001525878906,606,0.0
2022-03-31,RCF.NS,BUY,82.78306579589844,464,0.0
2022-03-31,USHAMART.NS,BUY,129.2985382080078,297,0.0
2022-03-31,INTELLECT.NS,BUY,930.0056762695312,41,0.0
2022-03-31,EIHOTEL.NS,BUY,152.81214904785156,251,0.0
2022-03-31,CONCOR.NS,BUY,636.0336303710938,60,0.0
2022-03-31,LINDEINDIA.NS,BUY,3746.128173828125,10,0.0
2022-03-31,BSE.NS,BUY,300.5372009277344,127,0.0
2022-03-31,TTML.NS,BUY,166.6999969482422,230,0.0
2022-03-31,SUMICHEM.NS,BUY,438.6858215332031,87,0.0
2022-03-31,POLYMED.NS,BUY,942.1192016601562,40,0.0
2022-03-31,CRISIL.NS,BUY,3148.804443359375,12,0.0
2022-03-31,ATGL.NS,BUY,2147.404296875,17,0.0
2022-04-29,TATAELXSI.NS,SELL,7488.267578125,4,-0.12377049967112763
2022-04-29,ADANIPOWER.NS,SELL,56.06999969482422,1039,0.5145866829146801
2022-04-29,LEMONTREE.NS,SELL,66.4000015258789,606,0.0473186108485415
2022-04-29,RCF.NS,SELL,92.73182678222656,464,0.12017869706416517
2022-04-29,USHAMART.NS,SELL,145.59303283691406,297,0.1260222648665419
2022-04-29,INTELLECT.NS,SELL,777.6351928710938,41,-0.16383822947149196
2022-04-29,EIHOTEL.NS,SELL,158.4938201904297,251,0.037180755443724456
2022-04-29,CONCOR.NS,SELL,611.6671752929688,60,-0.03831001053184624
2022-04-29,LINDEINDIA.NS,SELL,3544.96044921875,10,-0.053700171290136045
2022-04-29,BSE.NS,SELL,286.3858337402344,127,-0.047086906858172184
2022-04-29,TTML.NS,SELL,139.6999969482422,230,-0.1619676094438267
2022-04-29,SUMICHEM.NS,SELL,420.0527648925781,87,-0.04247471818328352
2022-04-29,POLYMED.NS,SELL,866.1146240234375,40,-0.08067405642809022
2022-04-29,CRISIL.NS,SELL,3517.505615234375,12,0.11709243254295032
2022-04-29,ATGL.NS,SELL,2448.21826171875,17,0.14008259426578773
2022-04-29,MRPL.NS,BUY,72.6114273071289,543,0.0
2022-04-29,CHENNPETRO.NS,BUY,245.5840301513672,160,0.0
2022-04-29,BLS.NS,BUY,88.87077331542969,444,0.0
2022-04-29,SWANCORP.NS,BUY,321.8835754394531,122,0.0
2022-04-29,NLCINDIA.NS,BUY,74.55107116699219,529,0.0
2022-04-29,ADANIGREEN.NS,BUY,2882.800048828125,13,0.0
2022-04-29,ADANIPOWER.NS,BUY,56.06999969482422,704,0.0
2022-04-29,VBL.NS,BUY,143.15036010742188,275,0.0
2022-04-29,BDL.NS,BUY,364.93450927734375,108,0.0
2022-04-29,IIFL.NS,BUY,339.6159973144531,116,0.0
2022-04-29,NHPC.NS,BUY,29.401714324951172,1343,0.0
2022-04-29,JWL.NS,BUY,56.09309387207031,704,0.0
2022-04-29,GRSE.NS,BUY,272.77862548828125,144,0.0
2022-04-29,PATANJALI.NS,BUY,358.53265380859375,110,0.0
2022-04-29,MAZDOCK.NS,BUY,143.93417358398438,274,0.0
2022-05-31,MRPL.NS,SELL,79.89718627929688,543,0.10033901332569806
2022-05-31,CHENNPETRO.NS,SELL,247.34291076660156,160,0.007162031725557627
2022-05-31,BLS.NS,SELL,91.80733489990234,444,0.033043052005971685
2022-05-31,SWANCORP.NS,SELL,283.67706298828125,122,-0.11869668217463492
2022-05-31,NLCINDIA.NS,SELL,68.76377868652344,529,-0.07762856240529914
2022-05-31,ADANIGREEN.NS,SELL,1888.949951171875,13,-0.34475165839554356
2022-05-31,ADANIPOWER.NS,SELL,64.6500015258789,704,0.1530230404450439
2022-05-31,VBL.NS,SELL,139.57675170898438,275,-0.024964019620738798
2022-05-31,BDL.NS,SELL,382.2252502441406,108,0.047380394364557654
2022-05-31,IIFL.NS,SELL,314.4175720214844,116,-0.07419681490927332
2022-05-31,NHPC.NS,SELL,29.800228118896484,1343,0.013554100605865704
2022-05-31,JWL.NS,SELL,56.04345703125,704,-0.0008849011062488366
2022-05-31,GRSE.NS,SELL,249.41403198242188,144,-0.08565404809132715
2022-05-31,PATANJALI.NS,SELL,357.3575744628906,110,-0.003277468127995009
2022-05-31,MAZDOCK.NS,SELL,132.69081115722656,274,-0.07811461411002163
2022-05-31,ASTRAZEN.NS,BUY,2966.439208984375,12,0.0
2022-05-31,BAYERCROP.NS,BUY,4890.51416015625,7,0.0
2022-05-31,PGEL.NS,BUY,88.55707550048828,433,0.0
2022-05-31,AIAENG.NS,BUY,2240.798583984375,17,0.0
2022-05-31,APARINDS.NS,BUY,698.399658203125,54,0.0
2022-05-31,TIMKEN.NS,BUY,2253.322998046875,17,0.0
2022-05-31,VGUARD.NS,BUY,230.3860626220703,166,0.0
2022-05-31,WELCORP.NS,BUY,214.24667358398438,179,0.0
2022-05-31,NAVA.NS,BUY,86.2045669555664,444,0.0
2022-05-31,M&M.NS,BUY,997.8729858398438,38,0.0
2022-05-31,ASTERDM.NS,BUY,151.44566345214844,253,0.0
2022-05-31,UNOMINDA.NS,BUY,456.5066223144531,84,0.0
2022-05-31,BLUEDART.NS,BUY,7373.91650390625,5,0.0
2022-05-31,BALKRISIND.NS,BUY,2278.03173828125,16,0.0
2022-05-31,HAL.NS,BUY,872.9047241210938,43,0.0
2022-06-30,ASTRAZEN.NS,SELL,2668.221923828125,12,-0.10053038816809301
2022-06-30,BAYERCROP.NS,SELL,4536.32470703125,7,-0.07242376599389777
2022-06-30,PGEL.NS,SELL,87.48789978027344,433,-0.012073295263786643
2022-06-30,AIAENG.NS,SELL,2187.7236328125,17,-0.0236857304137984
2022-06-30,APARINDS.NS,SELL,893.8125610351562,54,0.27980097145923377
2022-06-30,TIMKEN.NS,SELL,2349.330078125,17,0.04260688776590915
2022-06-30,VGUARD.NS,SELL,221.43807983398438,166,-0.03883908030827532
2022-06-30,WELCORP.NS,SELL,211.66078186035156,179,-0.012069693687072114
2022-06-30,NAVA.NS,SELL,82.50809478759766,444,-0.042880235914578346
2022-06-30,M&M.NS,SELL,1054.599365234375,38,0.056847294394675396
2022-06-30,ASTERDM.NS,SELL,135.02293395996094,253,-0.10843974741724127
2022-06-30,UNOMINDA.NS,SELL,456.9273681640625,84,0.0009216642849039225
2022-06-30,BLUEDART.NS,SELL,7681.22802734375,5,0.041675481852107454
2022-06-30,BALKRISIND.NS,SELL,2097.1533203125,16,-0.07940118433346355
2022-06-30,HAL.NS,SELL,840.3779296875,43,-0.03726270867229431
2022-06-30,ASAHIINDIA.NS,BUY,533.2239379882812,71,0.0
2022-06-30,MAHSEAMLES.NS,BUY,300.8221740722656,126,0.0
2022-06-30,TIINDIA.NS,BUY,1832.2684326171875,20,0.0
2022-06-30,TVSMOTOR.NS,BUY,831.0704956054688,45,0.0
2022-06-30,ELECON.NS,BUY,129.22422790527344,294,0.0
2022-06-30,APARINDS.NS,BUY,893.8125610351562,42,0.0
2022-06-30,CHENNPETRO.NS,BUY,275.7928771972656,138,0.0
2022-06-30,OIL.NS,BUY,138.78135681152344,274,0.0
2022-06-30,MRPL.NS,BUY,89.2012939453125,427,0.0
2022-06-30,M&M.NS,BUY,1054.599365234375,36,0.0
2022-06-30,PHOENIXLTD.NS,BUY,587.4217529296875,64,0.0
2022-06-30,BLUEDART.NS,BUY,7681.22802734375,4,0.0
2022-06-30,ASHOKLEY.NS,BUY,67.89666748046875,561,0.0
2022-06-30,BAJAJ-AUTO.NS,BUY,3479.395751953125,10,0.0
2022-06-30,EIDPARRY.NS,BUY,517.6016235351562,73,0.0
2022-07-29,ASAHIINDIA.NS,SELL,586.783447265625,71,0.10044468273388141
2022-07-29,MAHSEAMLES.NS,SELL,347.6924133300781,126,0.15580712892046655
2022-07-29,TIINDIA.NS,SELL,2073.16162109375,20,0.13147265116196638
2022-07-29,TVSMOTOR.NS,SELL,896.3162841796875,45,0.07850812767295334
2022-07-29,ELECON.NS,SELL,179.22654724121094,294,0.3869422951599386
2022-07-29,APARINDS.NS,SELL,1084.5440673828125,42,0.21339094421179672
2022-07-29,CHENNPETRO.NS,SELL,242.72584533691406,138,-0.11989806334519582
2022-07-29,OIL.NS,SELL,104.84476470947266,274,-0.24453278798923606
2022-07-29,MRPL.NS,SELL,71.67610168457031,427,-0.196467915269105
2022-07-29,M&M.NS,SELL,1134.8795166015625,36,0.07612383812628787
2022-07-29,PHOENIXLTD.NS,SELL,622.308837890625,64,0.059390182244601686
2022-07-29,BLUEDART.NS,SELL,8490.7294921875,4,0.10538698525314882
2022-07-29,ASHOKLEY.NS,SELL,68.92961120605469,561,0.015213467227726207
2022-07-29,BAJAJ-AUTO.NS,SELL,3674.505126953125,10,0.05607564902339068
2022-07-29,EIDPARRY.NS,SELL,546.1350708007812,73,0.05512627080020538
2022-07-29,KARURVYSYA.NS,BUY,47.19838333129883,852,0.0
2022-07-29,ANANTRAJ.NS,BUY,73.48318481445312,547,0.0
2022-07-29,EIHOTEL.NS,BUY,149.35374450683594,269,0.0
2022-07-29,CANFINHOME.NS,BUY,574.3682250976562,70,0.0
2022-07-29,NAVINFLUOR.NS,BUY,4336.71533203125,9,0.0
2022-07-29,ELECON.NS,BUY,179.22654724121094,224,0.0
2022-07-29,BAJFINANCE.NS,BUY,709.8934936523438,56,0.0
2022-07-29,YESBANK.NS,BUY,14.949999809265137,2691,0.0
2022-07-29,SCHAEFFLER.NS,BUY,2713.9765625,14,0.0
2022-07-29,RELINFRA.NS,BUY,117.0999984741211,343,0.0
2022-07-29,FLUOROCHEM.NS,BUY,3332.620361328125,12,0.0
2022-07-29,CEATLTD.NS,BUY,1227.3411865234375,32,0.0
2022-07-29,USHAMART.NS,BUY,141.590087890625,284,0.0
2022-07-29,INDUSINDBK.NS,BUY,1012.6812133789062,39,0.0
2022-07-29,ASTERDM.NS,BUY,173.9368438720703,231,0.0
2022-08-30,KARURVYSYA.NS,SELL,55.15181350708008,852,0.16851064834051344
2022-08-30,ANANTRAJ.NS,SELL,86.70816040039062,547,0.17997281445178093
2022-08-30,EIHOTEL.NS,SELL,158.39500427246094,269,0.06053587605372135
2022-08-30,CANFINHOME.NS,SELL,612.2158813476562,70,0.06589441162690535
2022-08-30,NAVINFLUOR.NS,SELL,4228.97412109375,9,-0.024843966617249857
2022-08-30,ELECON.NS,SELL,185.73355102539062,224,0.03630602655879023
2022-08-30,BAJFINANCE.NS,SELL,719.4600219726562,56,0.013476005070977015
2022-08-30,YESBANK.NS,SELL,16.450000762939453,2691,0.10033451323154563
2022-08-30,SCHAEFFLER.NS,SELL,2967.804931640625,14,0.09352636741520315
2022-08-30,RELINFRA.NS,SELL,162.0,343,0.38343298130615877
2022-08-30,FLUOROCHEM.NS,SELL,3333.916015625,12,0.0003887794457209104
2022-08-30,CEATLTD.NS,SELL,1353.86767578125,32,0.10308990739258994
2022-08-30,USHAMART.NS,SELL,139.0015106201172,284,-0.01828219269492526
2022-08-30,INDUSINDBK.NS,SELL,1083.40478515625,39,0.06983794193373827
2022-08-30,ASTERDM.NS,SELL,167.6408233642578,231,-0.03619716425602837
2022-08-30,MAZDOCK.NS,BUY,187.75689697265625,231,0.0
2022-08-30,KIRLOSENG.NS,BUY,220.3877410888672,197,0.0
2022-08-30,RELINFRA.NS,BUY,162.0,268,0.0
2022-08-30,JWL.NS,BUY,79.37419128417969,546,0.0
2022-08-30,TEJASNET.NS,BUY,613.4450073242188,70,0.0
2022-08-30,RPOWER.NS,BUY,16.799999237060547,2584,0.0
2022-08-30,KALYANKJIL.NS,BUY,80.99141693115234,536,0.0
2022-08-30,COCHINSHIP.NS,BUY,177.11500549316406,245,0.0
2022-08-30,IDBI.NS,BUY,41.593536376953125,1043,0.0
2022-08-30,TITAGARH.NS,BUY,171.1435089111328,253,0.0
2022-08-30,GRSE.NS,BUY,289.0760803222656,150,0.0
2022-08-30,BEML.NS,BUY,760.55810546875,57,0.0
2022-08-30,ADANIENT.NS,BUY,3189.974365234375,13,0.0
2022-08-30,AFFLE.NS,BUY,1309.449951171875,33,0.0
2022-08-30,RCF.NS,BUY,91.80636596679688,472,0.0
2022-09-30,MAZDOCK.NS,SELL,237.4893035888672,231,0.2648765899846206
2022-09-30,KIRLOSENG.NS,SELL,236.02224731445312,197,0.07094090691406296
2022-09-30,RELINFRA.NS,SELL,136.6999969482422,268,-0.15617285834418404
2022-09-30,JWL.NS,SELL,71.3325424194336,546,-0.10131314391544421
2022-09-30,TEJASNET.NS,SELL,671.5361938476562,70,0.0946966489740051
2022-09-30,RPOWER.NS,SELL,16.399999618530273,2584,-0.023809502184254927
2022-09-30,KALYANKJIL.NS,SELL,95.52324676513672,536,0.17942431907738232
2022-09-30,COCHINSHIP.NS,SELL,209.27735900878906,245,0.18159022396815683
2022-09-30,IDBI.NS,SELL,39.03830337524414,1043,-0.06143341548435477
2022-09-30,TITAGARH.NS,SELL,148.84646606445312,253,-0.13028272581613098
2022-09-30,GRSE.NS,SELL,336.1156005859375,150,0.16272366849319253
2022-09-30,BEML.NS,SELL,727.3040161132812,57,-0.04372327257622677
2022-09-30,ADANIENT.NS,SELL,3451.016357421875,13,0.0818320031133919
2022-09-30,AFFLE.NS,SELL,1261.1500244140625,33,-0.03688566081856515
2022-09-30,RCF.NS,SELL,86.99392700195312,472,-0.052419447324428936
2022-09-30,TARIL.NS,BUY,29.81263542175293,1497,0.0
2022-09-30,INDIACEM.NS,BUY,269.1000061035156,165,0.0
2022-09-30,DBREALTY.NS,BUY,108.19999694824219,412,0.0
2022-09-30,AMBUJACEM.NS,BUY,509.205810546875,87,0.0
2022-09-30,SCHNEIDER.NS,BUY,184.5500030517578,241,0.0
2022-09-30,KIMS.NS,BUY,302.7900085449219,147,0.0
2022-09-30,TATAINVEST.NS,BUY,223.72938537597656,199,0.0
2022-09-30,KALYANKJIL.NS,BUY,95.52324676513672,467,0.0
2022-09-30,RITES.NS,BUY,144.5088348388672,308,0.0
2022-09-30,JMFINANCIL.NS,BUY,69.41551971435547,643,0.0
2022-09-30,COCHINSHIP.NS,BUY,209.27735900878906,213,0.0
2022-09-30,MAZDOCK.NS,BUY,237.4893035888672,188,0.0
2022-09-30,ADANIENT.NS,BUY,3451.016357421875,12,0.0
2022-09-30,SOLARINDS.NS,BUY,3903.510498046875,11,0.0
2022-09-30,MAHSCOOTER.NS,BUY,4732.52587890625,9,0.0
2022-10-31,TARIL.NS,SELL,30.337417602539062,1497,0.01760267662895787
2022-10-31,INDIACEM.NS,SELL,241.10000610351562,165,-0.10405053647315465
2022-10-31,DBREALTY.NS,SELL,103.0999984741211,412,-0.047134922532028334
2022-10-31,AMBUJACEM.NS,SELL,526.3406982421875,87,0.033650220285015964
2022-10-31,SCHNEIDER.NS,SELL,174.39999389648438,241,-0.05499869405272684
2022-10-31,KIMS.NS,SELL,297.07000732421875,147,-0.018890984045976222
2022-10-31,TATAINVEST.NS,SELL,227.9704132080078,199,0.018956060800436214
2022-10-31,KALYANKJIL.NS,SELL,101.67323303222656,467,0.06438208996612982
2022-10-31,RITES.NS,SELL,170.95822143554688,308,0.1830295471288781
2022-10-31,JMFINANCIL.NS,SELL,63.14274978637695,643,-0.09036552566041334
2022-10-31,COCHINSHIP.NS,SELL,255.56991577148438,213,0.22120193499169272
2022-10-31,MAZDOCK.NS,SELL,306.2646789550781,188,0.2895935704341126
2022-10-31,ADANIENT.NS,SELL,3342.8642578125,12,-0.03133920225465736
2022-10-31,SOLARINDS.NS,SELL,3888.611328125,11,-0.0038168643146546666
2022-10-31,MAHSCOOTER.NS,SELL,4978.71337890625,9,0.0520203177540568
2022-10-31,J&KBANK.NS,BUY,37.92314147949219,1218,0.0
2022-10-31,BANKINDIA.NS,BUY,55.333274841308594,835,0.0
2022-10-31,MCX.NS,BUY,302.4100646972656,152,0.0
2022-10-31,INDIANB.NS,BUY,234.79669189453125,196,0.0
2022-10-31,RVNL.NS,BUY,38.49961853027344,1200,0.0
2022-10-31,BHEL.NS,BUY,73.53692626953125,628,0.0
2022-10-31,CANBK.NS,BUY,52.50984191894531,880,0.0
2022-10-31,UNIONBANK.NS,BUY,49.137001037597656,940,0.0
2022-10-31,FINCABLES.NS,BUY,510.40826416015625,90,0.0
2022-10-31,KARURVYSYA.NS,BUY,83.55118560791016,553,0.0
2022-10-31,RITES.NS,BUY,170.95822143554688,270,0.0
2022-10-31,SJVN.NS,BUY,32.081512451171875,1440,0.0
2022-10-31,PNB.NS,BUY,40.44296646118164,1142,0.0
2022-10-31,RAILTEL.NS,BUY,111.92181396484375,413,0.0
2022-10-31,GRSE.NS,BUY,431.3981628417969,107,0.0
2022-11-30,J&KBANK.NS,SELL,43.654598236083984,1218,0.1511334908710349
2022-11-30,BANKINDIA.NS,SELL,75.58387756347656,835,0.36597513485773403
2022-11-30,MCX.NS,SELL,307.52783203125,152,0.016923270523775846
2022-11-30,INDIANB.NS,SELL,246.81857299804688,196,0.05120123714909819
2022-11-30,RVNL.NS,SELL,71.32054901123047,1200,0.8525001476352012
2022-11-30,BHEL.NS,SELL,83.12006378173828,628,0.13031735208896866
2022-11-30,CANBK.NS,SELL,56.903743743896484,880,0.08367768144748244
2022-11-30,UNIONBANK.NS,SELL,74.43480682373047,940,0.5148422828405004
2022-11-30,FINCABLES.NS,SELL,540.8468017578125,90,0.059635667631167566
2022-11-30,KARURVYSYA.NS,SELL,80.45818328857422,553,-0.03701925109538018
2022-11-30,RITES.NS,SELL,164.4568634033203,270,-0.03802892880865427
2022-11-30,SJVN.NS,SELL,36.4749870300293,1440,0.1369472398018734
2022-11-30,PNB.NS,SELL,48.64534378051758,1142,0.20281344414260083
2022-11-30,RAILTEL.NS,SELL,130.9999542236328,413,0.1704595340527788
2022-11-30,GRSE.NS,SELL,492.8956604003906,107,0.14255391620929592
2022-11-30,IRFC.NS,BUY,31.405866622924805,1746,0.0
2022-11-30,HUDCO.NS,BUY,47.66233825683594,1150,0.0
2022-11-30,RVNL.NS,BUY,71.32054901123047,769,0.0
2022-11-30,UCOBANK.NS,BUY,19.43988800048828,2821,0.0
2022-11-30,NIACL.NS,BUY,105.88368225097656,518,0.0
2022-11-30,IRCON.NS,BUY,54.15619659423828,1012,0.0
2022-11-30,UNIONBANK.NS,BUY,74.43480682373047,736,0.0
2022-11-30,NBCC.NS,BUY,27.61165428161621,1986,0.0
2022-11-30,MMTC.NS,BUY,41.900001525878906,1309,0.0
2022-11-30,GSPL.NS,BUY,257.4266052246094,213,0.0
2022-11-30,FACT.NS,BUY,145.469970703125,377,0.0
2022-11-30,MAHABANK.NS,BUY,23.694650650024414,2315,0.0
2022-11-30,MAZDOCK.NS,BUY,442.2808532714844,124,0.0
2022-11-30,RCF.NS,BUY,110.77843475341797,495,0.0
2022-11-30,ABCAPITAL.NS,BUY,145.35000610351562,377,0.0
2022-12-30,IRFC.NS,SELL,31.166488647460938,1746,-0.007622078331350091
2022-12-30,HUDCO.NS,SELL,46.589256286621094,1150,-0.022514253590169564
2022-12-30,RVNL.NS,SELL,65.68998718261719,769,-0.07894725863266516
2022-12-30,UCOBANK.NS,SELL,30.927093505859375,2821,0.5909090373917054
2022-12-30,NIACL.NS,SELL,121.87525939941406,518,0.15102966584154665
2022-12-30,IRCON.NS,SELL,55.218990325927734,1012,0.019624600664857716
2022-12-30,UNIONBANK.NS,SELL,73.2952651977539,736,-0.015309257518127506
2022-12-30,NBCC.NS,SELL,25.17819595336914,1986,-0.088131565875329
2022-12-30,MMTC.NS,SELL,37.79999923706055,1309,-0.09785207970186005
2022-12-30,GSPL.NS,SELL,251.88648986816406,213,-0.021521145227438532
2022-12-30,FACT.NS,SELL,372.12200927734375,377,1.5580675343419848
2022-12-30,MAHABANK.NS,SELL,27.412338256835938,2315,0.15689987000537164
2022-12-30,MAZDOCK.NS,SELL,386.019287109375,124,-0.12720778153960566
2022-12-30,RCF.NS,SELL,128.3878936767578,495,0.1589610736289675
2022-12-30,ABCAPITAL.NS,SELL,150.1999969482422,377,0.033367668669187944
2022-12-30,IOB.NS,BUY,32.099998474121094,1960,0.0
2022-12-30,NAVA.NS,BUY,117.72276306152344,534,0.0
2022-12-30,FACT.NS,BUY,372.12200927734375,169,0.0
2022-12-30,USHAMART.NS,BUY,168.20843505859375,374,0.0
2022-12-30,JBMA.NS,BUY,257.22747802734375,244,0.0
2022-12-30,YESBANK.NS,BUY,20.600000381469727,3055,0.0
2022-12-30,GICRE.NS,BUY,164.2503204345703,383,0.0
2022-12-30,UCOBANK.NS,BUY,30.927093505859375,2035,0.0
2022-12-30,RCF.NS,BUY,128.3878936767578,490,0.0
2022-12-30,PNBHOUSING.NS,BUY,439.66717529296875,143,0.0
2022-12-30,NIACL.NS,BUY,121.87525939941406,516,0.0
2022-12-30,JSL.NS,BUY,235.15809631347656,267,0.0
2022-12-30,CENTRALBK.NS,BUY,31.49458122253418,1998,0.0
2022-12-30,TITAGARH.NS,BUY,223.0701904296875,282,0.0
2022-12-30,KALYANKJIL.NS,BUY,125.52925872802734,501,0.0
2023-01-31,IOB.NS,SELL,28.450000762939453,1960,-0.11370709921136779
2023-01-31,NAVA.NS,SELL,111.46754455566406,534,-0.05313516556343756
2023-01-31,FACT.NS,SELL,296.6211853027344,169,-0.2028926591072402
2023-01-31,USHAMART.NS,SELL,181.49319458007812,374,0.0789779627689704
2023-01-31,JBMA.NS,SELL,266.375,244,0.035561993776123124
2023-01-31,YESBANK.NS,SELL,17.25,3055,-0.16262137472983473
2023-01-31,GICRE.NS,SELL,169.21226501464844,383,0.03020964931422898
2023-01-31,UCOBANK.NS,SELL,29.110740661621094,2035,-0.05873015011559879
2023-01-31,RCF.NS,SELL,115.31531524658203,490,-0.10182095878205322
2023-01-31,PNBHOUSING.NS,SELL,456.72479248046875,143,0.03879665834988422
2023-01-31,NIACL.NS,SELL,115.13941955566406,516,-0.05526831185380343
2023-01-31,JSL.NS,SELL,250.39935302734375,267,0.06481280871380202
2023-01-31,CENTRALBK.NS,SELL,29.43739128112793,1998,-0.06531885364249079
2023-01-31,TITAGARH.NS,SELL,227.90869140625,282,0.021690486600842496
2023-01-31,KALYANKJIL.NS,SELL,116.99861145019531,501,-0.06795744166955209
2023-01-31,DATAPATTNS.NS,BUY,1382.4072265625,43,0.0
2023-01-31,TARIL.NS,BUY,37.234554290771484,1621,0.0
2023-01-31,ANANDRATHI.NS,BUY,407.6502685546875,148,0.0
2023-01-31,NEWGEN.NS,BUY,210.06350708007812,287,0.0
2023-01-31,PERSISTENT.NS,BUY,2297.0908203125,26,0.0
2023-01-31,JINDALSAW.NS,BUY,60.77698516845703,993,0.0
2023-01-31,JWL.NS,BUY,122.21343994140625,493,0.0
2023-01-31,GRAVITA.NS,BUY,511.1049499511719,118,0.0
2023-01-31,COFORGE.NS,BUY,840.6026000976562,71,0.0
2023-01-31,CGPOWER.NS,BUY,298.773193359375,202,0.0
2023-01-31,HINDZINC.NS,BUY,273.4892883300781,220,0.0
2023-01-31,BAJAJ-AUTO.NS,BUY,3584.201904296875,16,0.0
2023-01-31,CHALET.NS,BUY,354.7569885253906,170,0.0
2023-01-31,AIAENG.NS,BUY,2712.17724609375,22,0.0
2023-01-31,MFSL.NS,BUY,835.6500244140625,72,0.0
2023-02-28,DATAPATTNS.NS,SELL,1296.434814453125,43,-0.0621903665269129
2023-02-28,TARIL.NS,SELL,29.81263542175293,1621,-0.1993287958023997
2023-02-28,ANANDRATHI.NS,SELL,368.28082275390625,148,-0.09657652364700875
2023-02-28,NEWGEN.NS,SELL,215.4490966796875,287,0.025637911479581055
2023-02-28,PERSISTENT.NS,SELL,2348.81494140625,26,0.022517229461007204
2023-02-28,JINDALSAW.NS,SELL,72.91780853271484,993,0.19976021072132477
2023-02-28,JWL.NS,SELL,92.23094177246094,493,-0.24532897677473164
2023-02-28,GRAVITA.NS,SELL,450.5488586425781,118,-0.11848073730136821
2023-02-28,COFORGE.NS,SELL,828.7485961914062,71,-0.014101793052832434
2023-02-28,CGPOWER.NS,SELL,301.5391540527344,202,0.00925772711486994
2023-02-28,HINDZINC.NS,SELL,249.784423828125,220,-0.08667565975506653
2023-02-28,BAJAJ-AUTO.NS,SELL,3436.778564453125,16,-0.04113142724103058
2023-02-28,CHALET.NS,SELL,366.2942199707031,170,0.03252150575882662
2023-02-28,AIAENG.NS,SELL,2616.619873046875,22,-0.03523271688253515
2023-02-28,MFSL.NS,SELL,692.4500122070312,72,-0.17136361876784434
2023-02-28,FINCABLES.NS,BUY,690.6905517578125,82,0.0
2023-02-28,ZENTEC.NS,BUY,263.0084228515625,217,0.0
2023-02-28,ZENSARTECH.NS,BUY,279.1786193847656,205,0.0
2023-02-28,CERA.NS,BUY,6368.6796875,8,0.0
2023-02-28,POLICYBZR.NS,BUY,558.25,102,0.0
2023-02-28,SONATSOFTW.NS,BUY,348.2845153808594,164,0.0
2023-02-28,KSB.NS,BUY,377.05828857421875,151,0.0
2023-02-28,TRITURBINE.NS,BUY,311.71234130859375,183,0.0
2023-02-28,3MINDIA.NS,BUY,22034.0234375,2,0.0
2023-02-28,PGEL.NS,BUY,139.20822143554688,411,0.0
2023-02-28,CGPOWER.NS,BUY,301.5391540527344,189,0.0
2023-02-28,BLUESTARCO.NS,BUY,706.3695678710938,81,0.0
2023-02-28,ELGIEQUIP.NS,BUY,463.00146484375,123,0.0
2023-02-28,APARINDS.NS,BUY,2247.334716796875,25,0.0
2023-02-28,JINDALSAW.NS,BUY,72.91780853271484,785,0.0
2023-03-31,FINCABLES.NS,SELL,795.3169555664062,82,0.15148086728900334
2023-03-31,ZENTEC.NS,SELL,327.4135437011719,217,0.24487854857012903
2023-03-31,ZENSARTECH.NS,SELL,263.83966064453125,205,-0.054943171414907455
2023-03-31,CERA.NS,SELL,6261.0693359375,8,-0.01689680700596552
2023-03-31,POLICYBZR.NS,SELL,638.9000244140625,102,0.14446936751287498
2023-03-31,SONATSOFTW.NS,SELL,401.0330505371094,164,0.1514524270439297
2023-03-31,KSB.NS,SELL,412.3204345703125,151,0.09351908462066039
2023-03-31,TRITURBINE.NS,SELL,327.0256042480469,183,0.04912626453982161
2023-03-31,3MINDIA.NS,SELL,22106.22265625,2,0.00327671516528949
2023-03-31,PGEL.NS,SELL,133.1328887939453,411,-0.04364205345741323
2023-03-31,CGPOWER.NS,SELL,297.92755126953125,189,-0.011977226621029513
2023-03-31,BLUESTARCO.NS,SELL,678.2633056640625,81,-0.03978974107242461
2023-03-31,ELGIEQUIP.NS,SELL,433.5166015625,123,-0.06368200863295392
2023-03-31,APARINDS.NS,SELL,2447.862060546875,25,0.089228961868133
2023-03-31,JINDALSAW.NS,SELL,70.85386657714844,785,-0.028305046422787306
2023-03-31,ZENTEC.NS,BUY,327.4135437011719,182,0.0
2023-03-31,SJVN.NS,BUY,31.53455924987793,1895,0.0
2023-03-31,SONATSOFTW.NS,BUY,401.0330505371094,149,0.0
2023-03-31,SUNDARMFIN.NS,BUY,2246.730224609375,26,0.0
2023-03-31,ABCAPITAL.NS,BUY,153.5500030517578,389,0.0
2023-03-31,MANAPPURAM.NS,BUY,117.36589050292969,509,0.0
2023-03-31,NBCC.NS,BUY,23.004308700561523,2598,0.0
2023-03-31,TITAGARH.NS,BUY,261.7782287597656,228,0.0
2023-03-31,KIRLOSENG.NS,BUY,387.6851501464844,154,0.0
2023-03-31,OLECTRA.NS,BUY,618.752197265625,96,0.0
2023-03-31,NCC.NS,BUY,102.8485107421875,581,0.0
2023-03-31,HAL.NS,BUY,1321.6990966796875,45,0.0
2023-03-31,AUROPHARMA.NS,BUY,513.8836059570312,116,0.0
2023-03-31,MINDACORP.NS,BUY,213.13258361816406,280,0.0
2023-03-31,CYIENT.NS,BUY,937.819580078125,63,0.0
2023-04-28,ZENTEC.NS,SELL,290.29705810546875,182,-0.11336270691837691
2023-04-28,SJVN.NS,SELL,33.71590042114258,1895,0.06917303501786187
2023-04-28,SONATSOFTW.NS,SELL,409.88043212890625,149,0.02206147742672937
2023-04-28,SUNDARMFIN.NS,SELL,2301.29833984375,26,0.02428779149212823
2023-04-28,ABCAPITAL.NS,SELL,167.1999969482422,389,0.0888960835245527
2023-04-28,MANAPPURAM.NS,SELL,123.05866241455078,509,0.04850448360445059
2023-04-28,NBCC.NS,SELL,25.502660751342773,2598,0.10860365696276131
2023-04-28,TITAGARH.NS,SELL,331.4627380371094,228,0.26619673304189617
2023-04-28,KIRLOSENG.NS,SELL,385.48291015625,154,-0.005680485799887558
2023-04-28,OLECTRA.NS,SELL,660.9182739257812,96,0.06814695260315129
2023-04-28,NCC.NS,SELL,116.12867736816406,581,0.129123567566926
2023-04-28,HAL.NS,SELL,1413.212646484375,45,0.06923932234998387
2023-04-28,AUROPHARMA.NS,SELL,611.9788208007812,116,0.19088994804779258
2023-04-28,MINDACORP.NS,SELL,280.2473449707031,280,0.3148967661968476
2023-04-28,CYIENT.NS,SELL,1111.861572265625,63,0.18558152962961327
2023-04-28,RVNL.NS,BUY,106.01107788085938,618,0.0
2023-04-28,GVT&D.NS,BUY,175.66835021972656,373,0.0
2023-04-28,IRCON.NS,BUY,70.92518615722656,925,0.0
2023-04-28,FACT.NS,BUY,341.9715576171875,191,0.0
2023-04-28,CHENNPETRO.NS,BUY,269.1286926269531,243,0.0
2023-04-28,DBREALTY.NS,BUY,88.05000305175781,745,0.0
2023-04-28,BBTC.NS,BUY,1016.1980590820312,64,0.0
2023-04-28,GMDCLTD.NS,BUY,143.6523895263672,456,0.0
2023-04-28,IRFC.NS,BUY,30.400495529174805,2158,0.0
2023-04-28,WELSPUNLIV.NS,BUY,86.4095458984375,759,0.0
2023-04-28,TITAGARH.NS,BUY,331.4627380371094,197,0.0
2023-04-28,EIHOTEL.NS,BUY,186.5069122314453,351,0.0
2023-04-28,MRPL.NS,BUY,63.25809097290039,1037,0.0
2023-04-28,CENTRALBK.NS,BUY,29.73127555847168,2206,0.0
2023-04-28,MAHSCOOTER.NS,BUY,4783.98828125,13,0.0
2023-05-31,RVNL.NS,SELL,118.28291320800781,618,0.11575993351317626
2023-05-31,GVT&D.NS,SELL,177.61248779296875,373,0.011067090746912811
2023-05-31,IRCON.NS,SELL,77.46405029296875,925,0.09219382408453414
2023-05-31,FACT.NS,SELL,299.56146240234375,191,-0.12401644016932778
2023-05-31,CHENNPETRO.NS,SELL,332.7892761230469,243,0.23654327925687024
2023-05-31,DBREALTY.NS,SELL,82.30000305175781,745,-0.06530380239305633
2023-05-31,BBTC.NS,SELL,939.1293334960938,64,-0.07584026056451676
2023-05-31,GMDCLTD.NS,SELL,153.92967224121094,456,0.07154272023409236
2023-05-31,IRFC.NS,SELL,30.83136558532715,2158,0.014173126084041865
2023-05-31,WELSPUNLIV.NS,SELL,90.89771270751953,759,0.05194063644724212
2023-05-31,TITAGARH.NS,SELL,351.8642883300781,197,0.06155005661808266
2023-05-31,EIHOTEL.NS,SELL,206.3186492919922,351,0.10622521612475966
2023-05-31,MRPL.NS,SELL,64.43956756591797,1037,0.018677082644237952
2023-05-31,CENTRALBK.NS,SELL,26.49854850769043,2206,-0.1087315290063332
2023-05-31,MAHSCOOTER.NS,SELL,5060.5234375,13,0.05780431305273703
2023-05-31,FORCEMOT.NS,BUY,1775.940185546875,38,0.0
2023-05-31,SCHNEIDER.NS,BUY,246.9499969482422,273,0.0
2023-05-31,INOXWIND.NS,BUY,35.0,1932,0.0
2023-05-31,SUZLON.NS,BUY,11.75,5755,0.0
2023-05-31,ECLERX.NS,BUY,1627.7437744140625,41,0.0
2023-05-31,JINDALSAW.NS,BUY,118.10597229003906,572,0.0
2023-05-31,DIXON.NS,BUY,3873.241455078125,17,0.0
2023-05-31,SYRMA.NS,BUY,389.450439453125,173,0.0
2023-05-31,SONACOMS.NS,BUY,532.1378784179688,127,0.0
2023-05-31,MAXHEALTH.NS,BUY,546.9600219726562,123,0.0
2023-05-31,ENGINERSIN.NS,BUY,105.76680755615234,639,0.0
2023-05-31,ZENSARTECH.NS,BUY,355.4887390136719,190,0.0
2023-05-31,CEATLTD.NS,BUY,1877.0126953125,36,0.0
2023-05-31,PGEL.NS,BUY,164.55377197265625,410,0.0
2023-05-31,NAUKRI.NS,BUY,803.6392211914062,84,0.0
2023-06-30,FORCEMOT.NS,SELL,2713.968505859375,38,0.5281868882445766
2023-06-30,SCHNEIDER.NS,SELL,260.45001220703125,273,0.054666999091393054
2023-06-30,INOXWIND.NS,SELL,38.45000076293945,1932,0.09857145036969861
2023-06-30,SUZLON.NS,SELL,15.300000190734863,5755,0.30212767580722244
2023-06-30,ECLERX.NS,SELL,1622.9996337890625,41,-0.002914550004473382
2023-06-30,JINDALSAW.NS,SELL,125.86336517333984,572,0.06568163093607615
2023-06-30,DIXON.NS,SELL,4382.3671875,17,0.1314469387789834
2023-06-30,SYRMA.NS,SELL,444.250244140625,173,0.14071059918291806
2023-06-30,SONACOMS.NS,SELL,508.3951416015625,127,-0.04461764098994936
2023-06-30,MAXHEALTH.NS,SELL,596.7333984375,123,0.09100002644678118
2023-06-30,ENGINERSIN.NS,SELL,109.67878723144531,639,0.03698683703974015
2023-06-30,ZENSARTECH.NS,SELL,372.1260070800781,190,0.04680111137294385
2023-06-30,CEATLTD.NS,SELL,2034.600830078125,36,0.08395688274201496
2023-06-30,PGEL.NS,SELL,157.75399780273438,410,-0.04132250563695239
2023-06-30,NAUKRI.NS,SELL,884.4794311523438,84,0.1005926637591068
2023-06-30,JBMA.NS,BUY,666.6229248046875,112,0.0
2023-06-30,GPIL.NS,BUY,521.856689453125,143,0.0
2023-06-30,FACT.NS,BUY,432.9712219238281,172,0.0
2023-06-30,KALYANKJIL.NS,BUY,145.86390686035156,512,0.0
2023-06-30,FORCEMOT.NS,BUY,2713.968505859375,27,0.0
2023-06-30,NAM-INDIA.NS,BUY,270.17462158203125,276,0.0
2023-06-30,WOCKPHARMA.NS,BUY,235.4499969482422,317,0.0
2023-06-30,MAZDOCK.NS,BUY,606.6122436523438,123,0.0
2023-06-30,HDFCAMC.NS,BUY,1107.034912109375,67,0.0
2023-06-30,SAREGAMA.NS,BUY,385.09295654296875,194,0.0
2023-06-30,SHRIRAMFIN.NS,BUY,332.8703308105469,224,0.0
2023-06-30,VGUARD.NS,BUY,279.3962707519531,267,0.0
2023-06-30,HEG.NS,BUY,313.91845703125,238,0.0
2023-06-30,TITAGARH.NS,BUY,502.6062316894531,148,0.0
2023-06-30,LTF.NS,BUY,122.06710815429688,612,0.0
2023-07-31,JBMA.NS,SELL,698.7265014648438,112,0.04815852480555205
2023-07-31,GPIL.NS,SELL,560.6590576171875,143,0.07435445199471347
2023-07-31,FACT.NS,SELL,472.8894958496094,172,0.09219613661252524
2023-07-31,KALYANKJIL.NS,SELL,173.29086303710938,512,0.18803113646898306
2023-07-31,FORCEMOT.NS,SELL,2531.009033203125,27,-0.06741399992713482
2023-07-31,NAM-INDIA.NS,SELL,296.5685729980469,276,0.09769219352085523
2023-07-31,WOCKPHARMA.NS,SELL,238.60000610351562,317,0.013378675710774779
2023-07-31,MAZDOCK.NS,SELL,923.253662109375,123,0.521983230260189
2023-07-31,HDFCAMC.NS,SELL,1221.974853515625,67,0.10382684425664612
2023-07-31,SAREGAMA.NS,SELL,383.0738525390625,194,-0.005243160046426221
2023-07-31,SHRIRAMFIN.NS,SELL,363.1705017089844,224,0.09102694981753379
2023-07-31,VGUARD.NS,SELL,280.53363037109375,267,0.0040707759487255135
2023-07-31,HEG.NS,SELL,347.09423828125,238,0.10568279916939516
2023-07-31,TITAGARH.NS,SELL,650.75439453125,148,0.29475990049668477
2023-07-31,LTF.NS,SELL,128.03433227539062,612,0.04888478322555967
2023-07-31,JYOTHYLAB.NS,BUY,306.3411560058594,270,0.0
2023-07-31,GODFRYPHLP.NS,BUY,685.1345825195312,120,0.0
2023-07-31,SJVN.NS,BUY,54.39118576049805,1522,0.0
2023-07-31,MMTC.NS,BUY,38.04999923706055,2175,0.0
2023-07-31,ACE.NS,BUY,717.957275390625,115,0.0
2023-07-31,AJANTPHARM.NS,BUY,1620.2391357421875,51,0.0
2023-07-31,RBLBANK.NS,BUY,224.00067138671875,369,0.0
2023-07-31,CASTROLIND.NS,BUY,128.9765167236328,641,0.0
2023-07-31,ANANDRATHI.NS,BUY,574.407470703125,144,0.0
2023-07-31,RELINFRA.NS,BUY,188.85000610351562,438,0.0
2023-07-31,SUPREMEIND.NS,BUY,3493.58154296875,23,0.0
2023-07-31,POLYCAB.NS,BUY,4768.044921875,17,0.0
2023-07-31,MOTILALOFS.NS,BUY,818.7074584960938,101,0.0
2023-07-31,INTELLECT.NS,BUY,668.477783203125,123,0.0
2023-07-31,RITES.NS,BUY,211.7631072998047,390,0.0
2023-08-31,JYOTHYLAB.NS,SELL,342.2513122558594,270,0.11722276144088561
2023-08-31,GODFRYPHLP.NS,SELL,697.9835815429688,120,0.018753978198248644
2023-08-31,SJVN.NS,SELL,59.41775131225586,1522,0.09241507574207719
2023-08-31,MMTC.NS,SELL,42.099998474121094,2175,0.10643887827245635
2023-08-31,ACE.NS,SELL,762.2634887695312,115,0.06171149022036193
2023-08-31,AJANTPHARM.NS,SELL,1673.3699951171875,51,0.032791986196940126
2023-08-31,RBLBANK.NS,SELL,236.33486938476562,369,0.055063218880951004
2023-08-31,CASTROLIND.NS,SELL,131.5672607421875,641,0.02008694361087504
2023-08-31,ANANDRATHI.NS,SELL,704.3082885742188,144,0.22614750764310876
2023-08-31,RELINFRA.NS,SELL,186.75,438,-0.011119968417499182
2023-08-31,SUPREMEIND.NS,SELL,4386.85546875,23,0.25569001747764286
2023-08-31,POLYCAB.NS,SELL,5071.1953125,17,0.06357960035867039
2023-08-31,MOTILALOFS.NS,SELL,898.2884521484375,101,0.09720321077632321
2023-08-31,INTELLECT.NS,SELL,728.2756958007812,123,0.08945385187092447
2023-08-31,RITES.NS,SELL,230.203125,390,0.08707851870575722
2023-08-31,GMDCLTD.NS,BUY,228.25636291503906,394,0.0
2023-08-31,HSCL.NS,BUY,223.83419799804688,401,0.0
2023-08-31,SAMMAANCAP.NS,BUY,173.3900146484375,518,0.0
2023-08-31,PGEL.NS,BUY,183.11953735351562,491,0.0
2023-08-31,SUPREMEIND.NS,BUY,4386.85546875,20,0.0
2023-08-31,GVT&D.NS,BUY,329.70220947265625,272,0.0
2023-08-31,MAHSCOOTER.NS,BUY,6835.48779296875,13,0.0
2023-08-31,DBREALTY.NS,BUY,151.1999969482422,595,0.0
2023-08-31,GMRAIRPORT.NS,BUY,61.75,1457,0.0
2023-08-31,JWL.NS,BUY,340.8772277832031,263,0.0
2023-08-31,FINPIPE.NS,BUY,233.70513916015625,384,0.0
2023-08-31,COCHINSHIP.NS,BUY,440.7148742675781,204,0.0
2023-08-31,BEML.NS,BUY,1214.363037109375,74,0.0
2023-08-31,RAILTEL.NS,BUY,205.3776092529297,438,0.0
2023-08-31,KALYANKJIL.NS,BUY,250.5038299560547,359,0.0
2023-09-29,GMDCLTD.NS,SELL,303.27630615234375,394,0.32866528792114513
2023-09-29,HSCL.NS,SELL,242.73220825195312,401,0.08442861020759285
2023-09-29,SAMMAANCAP.NS,SELL,163.26138305664062,518,-0.05841531077976725
2023-09-29,PGEL.NS,SELL,177.473876953125,491,-0.0308304645259756
2023-09-29,SUPREMEIND.NS,SELL,4055.998779296875,20,-0.07542001139768573
2023-09-29,GVT&D.NS,SELL,441.3144226074219,272,0.33852431050821385
2023-09-29,MAHSCOOTER.NS,SELL,7395.1328125,13,0.08187345753245623
2023-09-29,DBREALTY.NS,SELL,162.3000030517578,595,0.07341274026159739
2023-09-29,GMRAIRPORT.NS,SELL,59.54999923706055,1457,-0.03562754271966728
2023-09-29,JWL.NS,SELL,325.3281555175781,263,-0.04561487538121545
2023-09-29,FINPIPE.NS,SELL,218.5345458984375,384,-0.06491339179033828
2023-09-29,COCHINSHIP.NS,SELL,529.5742797851562,204,0.20162561035693005
2023-09-29,BEML.NS,SELL,1143.66845703125,74,-0.05821535893121699
2023-09-29,RAILTEL.NS,SELL,219.65155029296875,438,0.06950096016776697
2023-09-29,KALYANKJIL.NS,SELL,226.37864685058594,359,-0.0963066437335548
2023-09-29,IFCI.NS,BUY,24.399999618530273,3862,0.0
2023-09-29,TATAINVEST.NS,BUY,324.7039489746094,290,0.0
2023-09-29,IOB.NS,BUY,46.75,2015,0.0
2023-09-29,CENTRALBK.NS,BUY,50.254180908203125,1875,0.0
2023-09-29,MCX.NS,BUY,407.843017578125,231,0.0
2023-09-29,ITI.NS,BUY,201.10000610351562,468,0.0
2023-09-29,HUDCO.NS,BUY,86.94567108154297,1083,0.0
2023-09-29,UCOBANK.NS,BUY,42.7579345703125,2204,0.0
2023-09-29,GRAVITA.NS,BUY,901.9154663085938,104,0.0
2023-09-29,SUNDARMFIN.NS,BUY,3017.6533203125,31,0.0
2023-09-29,MAPMYINDIA.NS,BUY,1987.6400146484375,47,0.0
2023-09-29,GMDCLTD.NS,BUY,303.27630615234375,310,0.0
2023-09-29,IDEA.NS,BUY,11.649999618530273,8089,0.0
2023-09-29,PNB.NS,BUY,77.03160858154297,1223,0.0
2023-09-29,IRFC.NS,BUY,73.93327331542969,1274,0.0
2023-10-31,IFCI.NS,SELL,21.700000762939453,3862,-0.11065569253289409
2023-10-31,TATAINVEST.NS,SELL,308.0739440917969,290,-0.05121589969979978
2023-10-31,IOB.NS,SELL,39.29999923706055,2015,-0.15935830508961402
2023-10-31,CENTRALBK.NS,SELL,42.319313049316406,1875,-0.15789468090985215
2023-10-31,MCX.NS,SELL,463.7953186035156,231,0.1371907783481241
2023-10-31,ITI.NS,SELL,269.8999938964844,468,0.3421182779952485
2023-10-31,HUDCO.NS,SELL,71.27082061767578,1083,-0.18028327654365162
2023-10-31,UCOBANK.NS,SELL,36.42524337768555,2204,-0.1481056383163989
2023-10-31,GRAVITA.NS,SELL,986.146484375,104,0.09339125584701558
2023-10-31,SUNDARMFIN.NS,SELL,3117.6376953125,31,0.03313315493432678
2023-10-31,MAPMYINDIA.NS,SELL,2075.68359375,47,0.04429553563658506
2023-10-31,GMDCLTD.NS,SELL,342.052490234375,310,0.12785761134453066
2023-10-31,IDEA.NS,SELL,11.850000381469727,8089,0.017167448024748122
2023-10-31,PNB.NS,SELL,70.11605072021484,1223,-0.08977558678406095
2023-10-31,IRFC.NS,SELL,70.1182861328125,1274,-0.05160040955228484
2023-10-31,SWANCORP.NS,BUY,385.45562744140625,241,0.0
2023-10-31,WELSPUNLIV.NS,BUY,148.5154571533203,628,0.0
2023-10-31,JINDALSAW.NS,BUY,217.83856201171875,428,0.0
2023-10-31,ANGELONE.NS,BUY,250.4358673095703,372,0.0
2023-10-31,INOXWIND.NS,BUY,54.1875,1721,0.0
2023-10-31,PRESTIGE.NS,BUY,764.0869140625,122,0.0
2023-10-31,BSE.NS,BUY,615.6538696289062,151,0.0
2023-10-31,NEWGEN.NS,BUY,557.9951171875,167,0.0
2023-10-31,PPLPHARMA.NS,BUY,104.35655975341797,893,0.0
2023-10-31,FACT.NS,BUY,755.0004272460938,123,0.0
2023-10-31,MOTILALOFS.NS,BUY,1013.607666015625,92,0.0
2023-10-31,CREDITACC.NS,BUY,1584.6343994140625,58,0.0
2023-10-31,ITI.NS,BUY,269.8999938964844,345,0.0
2023-10-31,SONATSOFTW.NS,BUY,557.8540649414062,167,0.0
2023-10-31,ACE.NS,BUY,830.0113525390625,112,0.0
2023-11-30,SWANCORP.NS,SELL,422.7416687011719,241,0.09673238267985473
2023-11-30,WELSPUNLIV.NS,SELL,154.9833984375,628,0.0435506270401369
2023-11-30,JINDALSAW.NS,SELL,228.53619384765625,428,0.0491080722216759
2023-11-30,ANGELONE.NS,SELL,297.50750732421875,372,0.18795885956887304
2023-11-30,INOXWIND.NS,SELL,70.125,1721,0.2941176470588236
2023-11-30,PRESTIGE.NS,SELL,1000.7872924804688,122,0.3097820078601783
2023-11-30,BSE.NS,SELL,818.5421142578125,151,0.3295492071725301
2023-11-30,NEWGEN.NS,SELL,721.51513671875,167,0.2930491943288873
2023-11-30,PPLPHARMA.NS,SELL,126.42622375488281,893,0.21148324603276314
2023-11-30,FACT.NS,SELL,708.065673828125,123,-0.06216520113659518
2023-11-30,MOTILALOFS.NS,SELL,1172.818359375,92,0.1570732924556637
2023-11-30,CREDITACC.NS,SELL,1684.095703125,58,0.0627660889778201
2023-11-30,ITI.NS,SELL,268.29998779296875,345,-0.005928144274539249
2023-11-30,SONATSOFTW.NS,SELL,660.9310302734375,167,0.18477406872146362
2023-11-30,ACE.NS,SELL,835.1422729492188,112,0.006181747267022697
2023-11-30,NIACL.NS,BUY,250.93325805664062,425,0.0
2023-11-30,GICRE.NS,BUY,303.1285705566406,351,0.0
2023-11-30,ATGL.NS,BUY,708.3492431640625,150,0.0
2023-11-30,TORNTPOWER.NS,BUY,928.6831665039062,114,0.0
2023-11-30,HINDPETRO.NS,BUY,210.9674530029297,505,0.0
2023-11-30,BHEL.NS,BUY,169.94981384277344,627,0.0
2023-11-30,ASTERDM.NS,BUY,290.0717468261719,367,0.0
2023-11-30,PCBL.NS,BUY,258.8465881347656,412,0.0
2023-11-30,WOCKPHARMA.NS,BUY,345.29998779296875,308,0.0
2023-11-30,LICI.NS,BUY,664.421875,160,0.0
2023-11-30,TECHNOE.NS,BUY,703.44384765625,151,0.0
2023-11-30,ECLERX.NS,BUY,2675.309326171875,39,0.0
2023-11-30,SOLARINDS.NS,BUY,6280.482421875,16,0.0
2023-11-30,CGPOWER.NS,BUY,446.2211608886719,239,0.0
2023-11-30,HAL.NS,BUY,2311.982177734375,46,0.0
2023-12-29,NIACL.NS,SELL,206.8331298828125,425,-0.17574445298866626
2023-12-29,GICRE.NS,SELL,292.21954345703125,351,-0.03598811909935418
2023-12-29,ATGL.NS,SELL,987.32177734375,150,0.39383473176814565
2023-12-29,TORNTPOWER.NS,SELL,899.6377563476562,114,-0.031275908947067
2023-12-29,HINDPETRO.NS,SELL,242.24212646484375,505,0.14824406806238377
2023-12-29,BHEL.NS,SELL,192.98204040527344,627,0.13552369397596364
2023-12-29,ASTERDM.NS,SELL,310.85614013671875,367,0.07165259470444774
2023-12-29,PCBL.NS,SELL,239.517578125,412,-0.07467361323573707
2023-12-29,WOCKPHARMA.NS,SELL,424.3500061035156,308,0.22893142515238907
2023-12-29,LICI.NS,SELL,814.02685546875,160,0.22516564565058905
2023-12-29,TECHNOE.NS,SELL,791.4608764648438,151,0.12512303448505646
2023-12-29,ECLERX.NS,SELL,2590.06005859375,39,-0.03186520031315743
2023-12-29,SOLARINDS.NS,SELL,6718.49609375,16,0.06974204248218152
2023-12-29,CGPOWER.NS,SELL,451.185791015625,239,0.011125940592028094
2023-12-29,HAL.NS,SELL,2724.093505859375,46,0.1782502184030017
2023-12-29,HINDCOPPER.NS,BUY,271.0294189453125,425,0.0
2023-12-29,HUDCO.NS,BUY,119.28983306884766,967,0.0
2023-12-29,NLCINDIA.NS,BUY,243.91464233398438,473,0.0
2023-12-29,NATIONALUM.NS,BUY,119.39270782470703,966,0.0
2023-12-29,CASTROLIND.NS,BUY,163.37974548339844,706,0.0
2023-12-29,BDL.NS,BUY,845.00390625,136,0.0
2023-12-29,3MINDIA.NS,BUY,36043.41015625,3,0.0
2023-12-29,ALKYLAMINE.NS,BUY,2512.03173828125,45,0.0
2023-12-29,SAIL.NS,BUY,120.2330322265625,959,0.0
2023-12-29,HFCL.NS,BUY,83.92565155029297,1375,0.0
2023-12-29,ASTRAZEN.NS,BUY,5489.23193359375,21,0.0
2023-12-29,INOXWIND.NS,BUY,124.9375,923,0.0
2023-12-29,SHYAMMETL.NS,BUY,621.2250366210938,185,0.0
2023-12-29,ADANIGREEN.NS,BUY,1597.0,72,0.0
2023-12-29,GAIL.NS,BUY,146.04295349121094,790,0.0
2024-01-31,HINDCOPPER.NS,SELL,286.2819519042969,425,0.05627630025677033
2024-01-31,HUDCO.NS,SELL,163.23622131347656,967,0.368400115198966
2024-01-31,NLCINDIA.NS,SELL,249.54452514648438,473,0.023081364688189554
2024-01-31,NATIONALUM.NS,SELL,134.6844024658203,966,0.12807896662805085
2024-01-31,CASTROLIND.NS,SELL,178.7860565185547,706,0.09429755805759732
2024-01-31,BDL.NS,SELL,842.3885498046875,136,-0.00309508207709841
2024-01-31,3MINDIA.NS,SELL,33241.02734375,3,-0.07775021287806927
2024-01-31,ALKYLAMINE.NS,SELL,2358.58056640625,45,-0.06108647814298418
2024-01-31,SAIL.NS,SELL,119.11481475830078,959,-0.009300418092713425
2024-01-31,HFCL.NS,SELL,102.82512664794922,1375,0.22519306968180786
2024-01-31,ASTRAZEN.NS,SELL,6571.861328125,21,0.19722784674220573
2024-01-31,INOXWIND.NS,SELL,119.5,923,-0.04352176088044024
2024-01-31,SHYAMMETL.NS,SELL,697.4186401367188,185,0.12265056786836825
2024-01-31,ADANIGREEN.NS,SELL,1669.449951171875,72,0.045366281259783925
2024-01-31,GAIL.NS,SELL,155.5028839111328,790,0.06477498704168005
2024-01-31,RITES.NS,BUY,349.218017578125,355,0.0
2024-01-31,NBCC.NS,BUY,84.89405059814453,1462,0.0
2024-01-31,IRB.NS,BUY,65.23685455322266,1903,0.0
2024-01-31,IFCI.NS,BUY,61.04999923706055,2033,0.0
2024-01-31,NSLNISP.NS,BUY,69.6500015258789,1782,0.0
2024-01-31,NHPC.NS,BUY,85.36781311035156,1454,0.0
2024-01-31,RVNL.NS,BUY,304.502197265625,407,0.0
2024-01-31,IDBI.NS,BUY,83.3958740234375,1488,0.0
2024-01-31,IRFC.NS,BUY,170.9965362548828,726,0.0
2024-01-31,TARIL.NS,BUY,173.82789611816406,714,0.0
2024-01-31,OFSS.NS,BUY,6032.10400390625,20,0.0
2024-01-31,GODFRYPHLP.NS,BUY,798.1427612304688,155,0.0
2024-01-31,SJVN.NS,BUY,125.95539855957031,985,0.0
2024-01-31,AMBER.NS,BUY,4437.0498046875,27,0.0
2024-01-31,IRCON.NS,BUY,228.71595764160156,542,0.0
2024-02-29,RITES.NS,SELL,369.2823791503906,355,0.05745511560776473
2024-02-29,NBCC.NS,SELL,88.69771575927734,1462,0.04480484950751018
2024-02-29,IRB.NS,SELL,62.11945724487305,1903,-0.04778583102602407
2024-02-29,IFCI.NS,SELL,45.900001525878906,2033,-0.24815721376757693
2024-02-29,NSLNISP.NS,SELL,61.400001525878906,1782,-0.11844938721120712
2024-02-29,NHPC.NS,SELL,84.00909423828125,1454,-0.0159160557423903
2024-02-29,RVNL.NS,SELL,241.28033447265625,407,-0.20762366695770906
2024-02-29,IDBI.NS,SELL,83.25142669677734,1488,-0.001732068023168165
2024-02-29,IRFC.NS,SELL,143.27001953125,726,-0.1621466570662251
2024-02-29,TARIL.NS,SELL,172.9282684326172,714,-0.005175393050464883
2024-02-29,OFSS.NS,SELL,7097.62744140625,20,0.17664208654393088
2024-02-29,GODFRYPHLP.NS,SELL,959.5590209960938,155,0.2022398342832492
2024-02-29,SJVN.NS,SELL,116.86902618408203,985,-0.07213960242594053
2024-02-29,AMBER.NS,SELL,3682.60009765625,27,-0.1700340857644228
2024-02-29,IRCON.NS,SELL,222.5415802001953,542,-0.02699583144557638
2024-02-29,DATAPATTNS.NS,BUY,2471.875732421875,48,0.0
2024-02-29,TRITURBINE.NS,BUY,491.5037841796875,242,0.0
2024-02-29,INTELLECT.NS,BUY,1095.9310302734375,108,0.0
2024-02-29,VGUARD.NS,BUY,322.728271484375,369,0.0
2024-02-29,RAINBOW.NS,BUY,1350.955078125,88,0.0
2024-02-29,KIRLOSENG.NS,BUY,901.3409423828125,132,0.0
2024-02-29,ACE.NS,BUY,1259.46337890625,94,0.0
2024-02-29,AWL.NS,BUY,381.6499938964844,312,0.0
2024-02-29,WOCKPHARMA.NS,BUY,604.1500244140625,197,0.0
2024-02-29,TATAINVEST.NS,BUY,722.2218017578125,165,0.0
2024-02-29,MRPL.NS,BUY,225.54566955566406,528,0.0
2024-02-29,OIL.NS,BUY,339.77703857421875,350,0.0
2024-02-29,ABB.NS,BUY,5375.052734375,22,0.0
2024-02-29,ASTRAL.NS,BUY,2059.242431640625,57,0.0
2024-02-29,BOSCHLTD.NS,BUY,28071.56640625,4,0.0
2024-03-28,DATAPATTNS.NS,SELL,2409.8388671875,48,-0.02509708090122842
2024-03-28,TRITURBINE.NS,SELL,529.486328125,242,0.07727823298187775
2024-03-28,INTELLECT.NS,SELL,1086.765625,108,-0.008363122331841222
2024-03-28,VGUARD.NS,SELL,329.0845031738281,369,0.019695304846451434
2024-03-28,RAINBOW.NS,SELL,1291.5797119140625,88,-0.0439506591835348
2024-03-28,KIRLOSENG.NS,SELL,848.1961669921875,132,-0.05896190097626086
2024-03-28,ACE.NS,SELL,1421.36083984375,94,0.12854479427428522
2024-03-28,AWL.NS,SELL,321.3999938964844,312,-0.15786715829567577
2024-03-28,WOCKPHARMA.NS,SELL,585.7000122070312,197,-0.030538792454614327
2024-03-28,TATAINVEST.NS,SELL,619.3667602539062,165,-0.14241475576279727
2024-03-28,MRPL.NS,SELL,216.38720703125,528,-0.04060580077842624
2024-03-28,OIL.NS,SELL,378.9581298828125,350,0.11531412326449852
2024-03-28,ABB.NS,SELL,6279.1943359375,22,0.16821074066497177
2024-03-28,ASTRAL.NS,SELL,1981.7633056640625,57,-0.03762506288044676
2024-03-28,BOSCHLTD.NS,SELL,29485.85546875,4,0.05038155128333388
2024-03-28,TORNTPOWER.NS,BUY,1321.3212890625,90,0.0
2024-03-28,DMART.NS,BUY,4525.60009765625,26,0.0
2024-03-28,SOLARINDS.NS,BUY,8769.9970703125,13,0.0
2024-03-28,CGPOWER.NS,BUY,538.636962890625,221,0.0
2024-03-28,ACE.NS,BUY,1421.36083984375,83,0.0
2024-03-28,RELINFRA.NS,BUY,270.95001220703125,440,0.0
2024-03-28,FINPIPE.NS,BUY,240.43678283691406,496,0.0
2024-03-28,MANKIND.NS,BUY,2299.843505859375,51,0.0
2024-03-28,APARINDS.NS,BUY,6895.443359375,17,0.0
2024-03-28,CARBORUNIV.NS,BUY,1258.8768310546875,94,0.0
2024-03-28,CHALET.NS,BUY,882.322509765625,135,0.0
2024-03-28,ABREL.NS,BUY,1624.716064453125,73,0.0
2024-03-28,SIEMENS.NS,BUY,3143.49267578125,37,0.0
2024-03-28,KIRLOSBROS.NS,BUY,1088.320068359375,109,0.0
2024-03-28,LINDEINDIA.NS,BUY,6387.435546875,18,0.0
2024-04-30,TORNTPOWER.NS,SELL,1460.6102294921875,90,0.10541640521701989
2024-04-30,DMART.NS,SELL,4603.7998046875,26,0.01727941164570601
2024-04-30,SOLARINDS.NS,SELL,8956.1474609375,13,0.02122582130102879
2024-04-30,CGPOWER.NS,SELL,551.63232421875,221,0.02412638237521736
2024-04-30,ACE.NS,SELL,1513.1693115234375,83,0.064591952378384
2024-04-30,RELINFRA.NS,SELL,177.89999389648438,440,-0.3434213475489638
2024-04-30,FINPIPE.NS,SELL,259.94879150390625,496,0.08115234464864307
2024-04-30,MANKIND.NS,SELL,2363.46826171875,51,0.027664819670241148
2024-04-30,APARINDS.NS,SELL,7785.86669921875,17,0.12913213747643026
2024-04-30,CARBORUNIV.NS,SELL,1411.6771240234375,94,0.12137827085175101
2024-04-30,CHALET.NS,SELL,863.9429321289062,135,-0.020830906424002427
2024-04-30,ABREL.NS,SELL,1990.7979736328125,73,0.22532054504114818
2024-04-30,SIEMENS.NS,SELL,3417.03955078125,37,0.08702004528514307
2024-04-30,KIRLOSBROS.NS,SELL,1304.68212890625,109,0.19880370383414636
2024-04-30,LINDEINDIA.NS,SELL,8228.2138671875,18,0.288187380804662
2024-04-30,POWERINDIA.NS,BUY,9572.60546875,13,0.0
2024-04-30,TEJASNET.NS,BUY,1140.2513427734375,111,0.0
2024-04-30,TARIL.NS,BUY,313.41998291015625,406,0.0
2024-04-30,EXIDEIND.NS,BUY,468.19781494140625,271,0.0
2024-04-30,HINDZINC.NS,BUY,396.47552490234375,321,0.0
2024-04-30,COCHINSHIP.NS,BUY,1287.1273193359375,98,0.0
2024-04-30,SCHAEFFLER.NS,BUY,3658.8818359375,34,0.0
2024-04-30,360ONE.NS,BUY,769.9234008789062,165,0.0
2024-04-30,VEDL.NS,BUY,343.4866027832031,370,0.0
2024-04-30,SUPREMEIND.NS,BUY,4990.7236328125,25,0.0
2024-04-30,ABCAPITAL.NS,BUY,231.39999389648438,550,0.0
2024-04-30,TECHNOE.NS,BUY,1004.10693359375,126,0.0
2024-04-30,MCX.NS,BUY,817.5962524414062,155,0.0
2024-04-30,UBL.NS,BUY,2017.41943359375,63,0.0
2024-04-30,ABSLAMC.NS,BUY,518.1895141601562,245,0.0
2024-05-31,POWERINDIA.NS,SELL,10760.244140625,13,0.12406639715300871
2024-05-31,TEJASNET.NS,SELL,1110.40869140625,111,-0.02617199405755677
2024-05-31,TARIL.NS,SELL,349.8548889160156,406,0.11624946714486817
2024-05-31,EXIDEIND.NS,SELL,483.9068298339844,271,0.033552089290600495
2024-05-31,HINDZINC.NS,SELL,649.8016967773438,321,0.638945296654559
2024-05-31,COCHINSHIP.NS,SELL,1922.596435546875,98,0.4937111555823339
2024-05-31,SCHAEFFLER.NS,SELL,4205.90185546875,34,0.14950469680611844
2024-05-31,360ONE.NS,SELL,765.5833129882812,165,-0.005637038549121343
2024-05-31,VEDL.NS,SELL,397.76690673828125,370,0.15802742673296621
2024-05-31,SUPREMEIND.NS,SELL,5203.18505859375,25,0.04257126649618104
2024-05-31,ABCAPITAL.NS,SELL,223.85000610351562,550,-0.0326274329823284
2024-05-31,TECHNOE.NS,SELL,1403.473876953125,126,0.39773347837567496
2024-05-31,MCX.NS,SELL,722.554931640625,155,-0.1162448097297174
2024-05-31,UBL.NS,SELL,1841.703125,63,-0.08709954195332403
2024-05-31,ABSLAMC.NS,SELL,498.8576354980469,245,-0.03730658018705968
2024-05-31,ZFCVINDIA.NS,BUY,17367.509765625,8,0.0
2024-05-31,FINCABLES.NS,BUY,1413.9100341796875,101,0.0
2024-05-31,EMAMILTD.NS,BUY,601.5892944335938,237,0.0
2024-05-31,TECHNOE.NS,BUY,1403.473876953125,101,0.0
2024-05-31,BDL.NS,BUY,1544.7369384765625,92,0.0
2024-05-31,COCHINSHIP.NS,BUY,1922.596435546875,74,0.0
2024-05-31,MAZDOCK.NS,BUY,1566.70654296875,91,0.0
2024-05-31,SUMICHEM.NS,BUY,461.8841857910156,309,0.0
2024-05-31,3MINDIA.NS,BUY,32252.392578125,4,0.0
2024-05-31,CAMPUS.NS,BUY,276.3224182128906,517,0.0
2024-05-31,GRSE.NS,BUY,1350.75,105,0.0
2024-05-31,THERMAX.NS,BUY,5370.71826171875,26,0.0
2024-05-31,RVNL.NS,BUY,377.0591735839844,378,0.0
2024-05-31,HINDZINC.NS,BUY,649.8016967773438,219,0.0
2024-05-31,TITAGARH.NS,BUY,1413.24755859375,101,0.0
2024-06-28,ZFCVINDIA.NS,SELL,15512.443359375,8,-0.10681245793347294
2024-06-28,FINCABLES.NS,SELL,1536.0535888671875,101,0.08638707678339963
2024-06-28,EMAMILTD.NS,SELL,662.950439453125,237,0.10199839921902831
2024-06-28,TECHNOE.NS,SELL,1537.008544921875,101,0.0951458165068575
2024-06-28,BDL.NS,SELL,1583.6689453125,92,0.025203001149394888
2024-06-28,COCHINSHIP.NS,SELL,2186.655517578125,74,0.13734503879704718
2024-06-28,MAZDOCK.NS,SELL,2106.6806640625,91,0.34465556010926823
2024-06-28,SUMICHEM.NS,SELL,478.17193603515625,309,0.03526371056901745
2024-06-28,3MINDIA.NS,SELL,35555.69140625,4,0.10242027223634387
2024-06-28,CAMPUS.NS,SELL,290.5694580078125,517,0.05155947855068832
2024-06-28,GRSE.NS,SELL,2070.51220703125,105,0.5328611564177308
2024-06-28,THERMAX.NS,SELL,5317.4052734375,26,-0.009926603050704141
2024-06-28,RVNL.NS,SELL,411.53485107421875,378,0.0914330691454599
2024-06-28,HINDZINC.NS,SELL,633.1607666015625,219,-0.025609243955980743
2024-06-28,TITAGARH.NS,SELL,1856.6282958984375,101,0.3137318261111117
2024-06-28,INDIACEM.NS,BUY,293.57000732421875,543,0.0
2024-06-28,GRSE.NS,BUY,2070.51220703125,77,0.0
2024-06-28,BBTC.NS,BUY,1986.7572021484375,80,0.0
2024-06-28,CRAFTSMAN.NS,BUY,5536.8828125,28,0.0
2024-06-28,CHOLAHLDNG.NS,BUY,1451.9827880859375,109,0.0
2024-06-28,FACT.NS,BUY,985.3801879882812,162,0.0
2024-06-28,MAHSCOOTER.NS,BUY,8767.509765625,18,0.0
2024-06-28,GODREJAGRO.NS,BUY,658.5809936523438,242,0.0
2024-06-28,WHIRLPOOL.NS,BUY,1985.787109375,80,0.0
2024-06-28,CERA.NS,BUY,8601.1533203125,18,0.0
2024-06-28,PTCIL.NS,BUY,13742.2998046875,11,0.0
2024-06-28,CEATLTD.NS,BUY,2763.713623046875,57,0.0
2024-06-28,PRAJIND.NS,BUY,713.3126831054688,223,0.0
2024-06-28,NAVA.NS,BUY,364.2417907714844,438,0.0
2024-06-28,AFFLE.NS,BUY,1343.699951171875,118,0.0
2024-07-31,INDIACEM.NS,SELL,364.25,543,0.24076026471506085
2024-07-31,GRSE.NS,SELL,2372.78857421875,77,0.14599110604661014
2024-07-31,BBTC.NS,SELL,2235.947998046875,80,0.1254258928212102
2024-07-31,CRAFTSMAN.NS,SELL,5584.79296875,28,0.008652911371329397
2024-07-31,CHOLAHLDNG.NS,SELL,1516.0657958984375,109,0.04413482607254382
2024-07-31,FACT.NS,SELL,1026.1734619140625,162,0.04139851239455439
2024-07-31,MAHSCOOTER.NS,SELL,9101.1240234375,18,0.03805119888437525
2024-07-31,GODREJAGRO.NS,SELL,840.3341064453125,242,0.2759768571288497
2024-07-31,WHIRLPOOL.NS,SELL,2136.31201171875,80,0.07580112774079084
2024-07-31,CERA.NS,SELL,8848.69140625,18,0.02877963881342671
2024-07-31,PTCIL.NS,SELL,13912.75,11,0.012403323878464656
2024-07-31,CEATLTD.NS,SELL,2633.453857421875,57,-0.047132150212218504
2024-07-31,PRAJIND.NS,SELL,696.2778930664062,223,-0.0238812381197262
2024-07-31,NAVA.NS,SELL,446.5891418457031,438,0.22607881127479224
2024-07-31,AFFLE.NS,SELL,1510.0999755859375,118,0.12383718870343108
2024-07-31,MMTC.NS,BUY,111.16000366210938,1562,0.0
2024-07-31,IDBI.NS,BUY,101.50836944580078,1710,0.0
2024-07-31,PCBL.NS,BUY,315.0688781738281,551,0.0
2024-07-31,IFCI.NS,BUY,87.33000183105469,1988,0.0
2024-07-31,NIACL.NS,BUY,287.9833068847656,602,0.0
2024-07-31,TORNTPOWER.NS,BUY,1820.663330078125,95,0.0
2024-07-31,NUVAMA.NS,BUY,1025.56787109375,169,0.0
2024-07-31,CAMS.NS,BUY,881.015625,197,0.0
2024-07-31,DEEPAKFERT.NS,BUY,916.064697265625,189,0.0
2024-07-31,TTML.NS,BUY,96.12999725341797,1806,0.0
2024-07-31,GRANULES.NS,BUY,628.1795654296875,276,0.0
2024-07-31,APLLTD.NS,BUY,1166.5802001953125,148,0.0
2024-07-31,OIL.NS,BUY,546.9403076171875,317,0.0
2024-07-31,GICRE.NS,BUY,407.8551940917969,425,0.0
2024-07-31,JYOTHYLAB.NS,BUY,521.40087890625,333,0.0
2024-08-30,MMTC.NS,SELL,100.94000244140625,1562,-0.09193955455209091
2024-08-30,IDBI.NS,SELL,92.76541137695312,1710,-0.08613041581281489
2024-08-30,PCBL.NS,SELL,473.59625244140625,551,0.5031514860700277
2024-08-30,IFCI.NS,SELL,74.93000030517578,1988,-0.14199016679133336
2024-08-30,NIACL.NS,SELL,260.42193603515625,602,-0.09570475159741765
2024-08-30,TORNTPOWER.NS,SELL,1700.7293701171875,95,-0.06587377137748529
2024-08-30,NUVAMA.NS,SELL,1121.037353515625,169,0.09308938502535047
2024-08-30,CAMS.NS,SELL,830.0693359375,197,-0.05782677130442493
2024-08-30,DEEPAKFERT.NS,SELL,1030.425048828125,189,0.12483872798925222
2024-08-30,TTML.NS,SELL,97.13999938964844,1806,0.010506628160696918
2024-08-30,GRANULES.NS,SELL,715.9113159179688,276,0.13966030625060366
2024-08-30,APLLTD.NS,SELL,1047.4544677734375,148,-0.10211533883562451
2024-08-30,OIL.NS,SELL,704.1261596679688,317,0.2873912378767267
2024-08-30,GICRE.NS,SELL,387.79205322265625,425,-0.049191823862429374
2024-08-30,JYOTHYLAB.NS,SELL,534.2676391601562,333,0.024677289153975046
2024-08-30,GSPL.NS,BUY,430.5678405761719,416,0.0
2024-08-30,TATAINVEST.NS,BUY,725.49267578125,247,0.0
2024-08-30,TATAELXSI.NS,BUY,7911.20654296875,22,0.0
2024-08-30,CAPLIPOINT.NS,BUY,1897.3580322265625,94,0.0
2024-08-30,GODFRYPHLP.NS,BUY,2132.89501953125,84,0.0
2024-08-30,PAYTM.NS,BUY,621.9000244140625,288,0.0
2024-08-30,KFINTECH.NS,BUY,1031.692626953125,173,0.0
2024-08-30,BALRAMCHIN.NS,BUY,590.69189453125,303,0.0
2024-08-30,ECLERX.NS,BUY,2902.074462890625,61,0.0
2024-08-30,GRAVITA.NS,BUY,2269.56201171875,79,0.0
2024-08-30,GILLETTE.NS,BUY,8552.583984375,20,0.0
2024-08-30,CONCORDBIO.NS,BUY,1655.3438720703125,108,0.0
2024-08-30,JMFINANCIL.NS,BUY,103.60739135742188,1730,0.0
2024-08-30,PCBL.NS,BUY,473.59625244140625,378,0.0
2024-08-30,OIL.NS,BUY,704.1261596679688,254,0.0
2024-09-30,GSPL.NS,SELL,418.0348205566406,416,-0.029108119182240766
2024-09-30,TATAINVEST.NS,SELL,678.1534423828125,247,-0.06525115273901294
2024-09-30,TATAELXSI.NS,SELL,7638.046875,22,-0.03452819320101386
2024-09-30,CAPLIPOINT.NS,SELL,1892.77587890625,94,-0.0024150177470381173
2024-09-30,GODFRYPHLP.NS,SELL,2286.658447265625,84,0.07209141862414215
2024-09-30,PAYTM.NS,SELL,688.2999877929688,288,0.10676951402513057
2024-09-30,KFINTECH.NS,SELL,1014.4083251953125,173,-0.016753344267718462
2024-09-30,BALRAMCHIN.NS,SELL,640.2738647460938,303,0.0839388024008525
2024-09-30,ECLERX.NS,SELL,3007.2978515625,61,0.036257990626149095
2024-09-30,GRAVITA.NS,SELL,2444.876220703125,79,0.07724583337187996
2024-09-30,GILLETTE.NS,SELL,8160.78515625,20,-0.04581057945070055
2024-09-30,CONCORDBIO.NS,SELL,2019.6705322265625,108,0.22009122473180898
2024-09-30,JMFINANCIL.NS,SELL,146.41506958007812,1730,0.4131720494243458
2024-09-30,PCBL.NS,SELL,559.5196533203125,378,0.1814275354502235
2024-09-30,OIL.NS,SELL,551.7555541992188,254,-0.21639673995438613
2024-09-30,HEG.NS,BUY,494.1493835449219,381,0.0
2024-09-30,SAREGAMA.NS,BUY,619.5403442382812,304,0.0
2024-09-30,NEWGEN.NS,BUY,1334.8106689453125,141,0.0
2024-09-30,JMFINANCIL.NS,BUY,146.41506958007812,1288,0.0
2024-09-30,ASTRAZEN.NS,BUY,7942.900390625,23,0.0
2024-09-30,AMBER.NS,BUY,4809.10009765625,39,0.0
2024-09-30,RELINFRA.NS,BUY,336.1300048828125,561,0.0
2024-09-30,BSE.NS,BUY,1224.3551025390625,154,0.0
2024-09-30,MAXHEALTH.NS,BUY,984.61376953125,191,0.0
2024-09-30,RAINBOW.NS,BUY,1397.0670166015625,135,0.0
2024-09-30,RPOWER.NS,BUY,48.65999984741211,3877,0.0
2024-09-30,FIVESTAR.NS,BUY,777.5551147460938,242,0.0
2024-09-30,MAHSCOOTER.NS,BUY,11588.9677734375,16,0.0
2024-09-30,ECLERX.NS,BUY,3007.2978515625,62,0.0
2024-09-30,HSCL.NS,BUY,660.813720703125,285,0.0
2024-10-31,HEG.NS,SELL,430.76519775390625,381,-0.12826928030611118
2024-10-31,SAREGAMA.NS,SELL,527.8964233398438,304,-0.14792244242158725
2024-10-31,NEWGEN.NS,SELL,1277.491455078125,141,-0.04294183077850111
2024-10-31,JMFINANCIL.NS,SELL,136.36439514160156,1288,-0.06864508187102691
2024-10-31,ASTRAZEN.NS,SELL,7598.92626953125,23,-0.043305858587845636
2024-10-31,AMBER.NS,SELL,6040.25,39,0.2560042164528369
2024-10-31,RELINFRA.NS,SELL,280.5,561,-0.16550145501651126
2024-10-31,BSE.NS,SELL,1483.8533935546875,154,0.2119469184042102
2024-10-31,MAXHEALTH.NS,SELL,1016.4270629882812,191,0.03231042916673488
2024-10-31,RAINBOW.NS,SELL,1610.9908447265625,135,0.1531235263469184
2024-10-31,RPOWER.NS,SELL,42.72999954223633,3877,-0.12186601569607602
2024-10-31,FIVESTAR.NS,SELL,708.7933959960938,242,-0.08843324086737403
2024-10-31,MAHSCOOTER.NS,SELL,10101.103515625,16,-0.12838626242647422
2024-10-31,ECLERX.NS,SELL,2909.822021484375,62,-0.032413094708088064
2024-10-31,HSCL.NS,SELL,572.32568359375,285,-0.13390768735131764
2024-10-31,SYRMA.NS,BUY,516.943115234375,354,0.0
2024-10-31,GILLETTE.NS,BUY,9582.3486328125,19,0.0
2024-10-31,POLYMED.NS,BUY,2869.261474609375,63,0.0
2024-10-31,AMBER.NS,BUY,6040.25,30,0.0
2024-10-31,AKZOINDIA.NS,BUY,4102.2021484375,44,0.0
2024-10-31,WOCKPHARMA.NS,BUY,1208.3499755859375,151,0.0
2024-10-31,MOTILALOFS.NS,BUY,922.5963134765625,198,0.0
2024-10-31,RADICO.NS,BUY,2375.554931640625,77,0.0
2024-10-31,CRISIL.NS,BUY,5405.28564453125,33,0.0
2024-10-31,PPLPHARMA.NS,BUY,268.2961730957031,682,0.0
2024-10-31,DEEPAKFERT.NS,BUY,1242.5516357421875,147,0.0
2024-10-31,INDIANB.NS,BUY,577.7771606445312,316,0.0
2024-10-31,RAINBOW.NS,BUY,1610.9908447265625,113,0.0
2024-10-31,TARIL.NS,BUY,462.8830261230469,395,0.0
2024-10-31,LAURUSLABS.NS,BUY,489.7749938964844,373,0.0
2024-11-29,SYRMA.NS,SELL,565.10400390625,354,0.09316477432925963
2024-11-29,GILLETTE.NS,SELL,9485.9189453125,19,-0.010063262274741192
2024-11-29,POLYMED.NS,SELL,2777.72216796875,63,-0.03190343837627674
2024-11-29,AMBER.NS,SELL,6064.9501953125,30,0.0040892670522743035
2024-11-29,AKZOINDIA.NS,SELL,3521.0302734375,44,-0.1416731438311406
2024-11-29,WOCKPHARMA.NS,SELL,1404.25,151,0.16212192524692126
2024-11-29,MOTILALOFS.NS,SELL,904.8294677734375,198,-0.019257442766246635
2024-11-29,RADICO.NS,SELL,2454.290771484375,77,0.03314418824631127
2024-11-29,CRISIL.NS,SELL,5295.9404296875,33,-0.020229312941930977
2024-11-29,PPLPHARMA.NS,SELL,268.57598876953125,682,0.0010429357623684687
2024-11-29,DEEPAKFERT.NS,SELL,1365.173583984375,147,0.09868559560419743
2024-11-29,INDIANB.NS,SELL,559.9821166992188,316,-0.03079914741777179
2024-11-29,RAINBOW.NS,SELL,1586.240234375,113,-0.015363594667580749
2024-11-29,TARIL.NS,SELL,500.94219970703125,395,0.08222201168782362
2024-11-29,LAURUSLABS.NS,SELL,565.9097900390625,373,0.15544851634191326
2024-11-29,TRITURBINE.NS,BUY,758.634521484375,247,0.0
2024-11-29,FACT.NS,BUY,1002.7044067382812,187,0.0
2024-11-29,VIJAYA.NS,BUY,1164.3050537109375,161,0.0
2024-11-29,PRAJIND.NS,BUY,813.2127685546875,230,0.0
2024-11-29,RAMCOCEM.NS,BUY,1013.052001953125,185,0.0
2024-11-29,IFCI.NS,BUY,63.869998931884766,2935,0.0
2024-11-29,JYOTICNC.NS,BUY,1242.1500244140625,150,0.0
2024-11-29,CCL.NS,BUY,784.7423095703125,238,0.0
2024-11-29,ASTERDM.NS,BUY,494.8990478515625,378,0.0
2024-11-29,WOCKPHARMA.NS,BUY,1404.25,133,0.0
2024-11-29,KIRLOSBROS.NS,BUY,2272.0791015625,82,0.0
2024-11-29,PGEL.NS,BUY,722.6814575195312,259,0.0
2024-11-29,DCMSHRIRAM.NS,BUY,1140.140380859375,164,0.0
2024-11-29,POLYMED.NS,BUY,2777.72216796875,67,0.0
2024-11-29,SAMMAANCAP.NS,BUY,167.8699951171875,1117,0.0
2024-12-31,TRITURBINE.NS,SELL,732.643310546875,247,-0.03426051702293287
2024-12-31,FACT.NS,SELL,980.51318359375,187,-0.022131370915898896
2024-12-31,VIJAYA.NS,SELL,1054.7257080078125,161,-0.09411566612535749
2024-12-31,PRAJIND.NS,SELL,810.6460571289062,230,-0.0031562606061179554
2024-12-31,RAMCOCEM.NS,SELL,963.9866943359375,185,-0.048433157945092176
2024-12-31,IFCI.NS,SELL,62.2599983215332,2935,-0.025207462615876586
2024-12-31,JYOTICNC.NS,SELL,1350.5999755859375,150,0.0873082550741262
2024-12-31,CCL.NS,SELL,735.8601684570312,238,-0.062290691501069695
2024-12-31,ASTERDM.NS,SELL,508.75762939453125,378,0.02800284543510667
2024-12-31,WOCKPHARMA.NS,SELL,1416.8499755859375,133,0.008972743874621658
2024-12-31,KIRLOSBROS.NS,SELL,2057.1689453125,82,-0.09458744464583435
2024-12-31,PGEL.NS,SELL,980.1679077148438,259,0.35629314619346464
2024-12-31,DCMSHRIRAM.NS,SELL,1138.6082763671875,164,-0.001343785833664346
2024-12-31,POLYMED.NS,SELL,2610.66552734375,67,-0.060141594631533124
2024-12-31,SAMMAANCAP.NS,SELL,151.07000732421875,1117,-0.10007737107063674
2024-12-31,INTELLECT.NS,BUY,950.3629150390625,196,0.0
2024-12-31,TRIVENI.NS,BUY,448.0762634277344,416,0.0
2024-12-31,KFINTECH.NS,BUY,1527.0262451171875,122,0.0
2024-12-31,BAJAJHLDNG.NS,BUY,11804.365234375,15,0.0
2024-12-31,NEWGEN.NS,BUY,1693.50341796875,110,0.0
2024-12-31,ITI.NS,BUY,387.1499938964844,482,0.0
2024-12-31,ASTRAZEN.NS,BUY,7280.265625,25,0.0
2024-12-31,PGEL.NS,BUY,980.1679077148438,190,0.0
2024-12-31,GICRE.NS,BUY,432.3238220214844,431,0.0
2024-12-31,ZENTEC.NS,BUY,2442.208984375,76,0.0
2024-12-31,TATAINVEST.NS,BUY,682.2423706054688,273,0.0
2024-12-31,CRISIL.NS,BUY,6568.68408203125,28,0.0
2024-12-31,AMBER.NS,BUY,7387.5498046875,25,0.0
2024-12-31,CAMPUS.NS,BUY,321.5542297363281,580,0.0
2024-12-31,INDIACEM.NS,BUY,376.3500061035156,496,0.0
2025-01-31,INTELLECT.NS,SELL,806.2600708007812,196,-0.15162927967613116
2025-01-31,TRIVENI.NS,SELL,378.9512939453125,416,-0.15427054527196649
2025-01-31,KFINTECH.NS,SELL,1082.9991455078125,122,-0.2907789574862869
2025-01-31,BAJAJHLDNG.NS,SELL,11479.5810546875,15,-0.027513904664836164
2025-01-31,NEWGEN.NS,SELL,1043.0401611328125,110,-0.3840932648462717
2025-01-31,ITI.NS,SELL,325.04998779296875,482,-0.16040296288915823
2025-01-31,ASTRAZEN.NS,SELL,7210.45458984375,25,-0.009589078029862419
2025-01-31,PGEL.NS,SELL,782.1552124023438,190,-0.20201915789524816
2025-01-31,GICRE.NS,SELL,400.4043884277344,431,-0.07383223400574901
2025-01-31,ZENTEC.NS,SELL,1738.6502685546875,76,-0.28808292833316407
2025-01-31,TATAINVEST.NS,SELL,600.179443359375,273,-0.12028412596723581
2025-01-31,CRISIL.NS,SELL,5364.361328125,28,-0.18334307737537503
2025-01-31,AMBER.NS,SELL,6501.7998046875,25,-0.1198976688370994
2025-01-31,CAMPUS.NS,SELL,271.6896667480469,580,-0.1550735719731312
2025-01-31,INDIACEM.NS,SELL,264.1000061035156,496,-0.29825959394066137
2025-01-31,BLUEJET.NS,BUY,749.132080078125,205,0.0
2025-01-31,LAURUSLABS.NS,BUY,582.7728271484375,264,0.0
2025-01-31,NAVINFLUOR.NS,BUY,4138.3154296875,37,0.0
2025-01-31,SRF.NS,BUY,2797.575927734375,55,0.0
2025-01-31,SBICARD.NS,BUY,775.8818359375,198,0.0
2025-01-31,RVNL.NS,BUY,472.3402099609375,326,0.0
2025-01-31,BAJFINANCE.NS,BUY,783.67431640625,196,0.0
2025-01-31,ZENSARTECH.NS,BUY,855.7000122070312,180,0.0
2025-01-31,BDL.NS,BUY,1295.388671875,119,0.0
2025-01-31,MINDACORP.NS,BUY,568.247802734375,271,0.0
2025-01-31,UPL.NS,BUY,598.2750244140625,257,0.0
2025-01-31,LTTS.NS,BUY,5378.173828125,28,0.0
2025-01-31,JKCEMENT.NS,BUY,4823.2392578125,31,0.0
2025-01-31,MAZDOCK.NS,BUY,2480.248046875,62,0.0
2025-01-31,BAJAJFINSV.NS,BUY,1735.2545166015625,88,0.0
2025-02-28,BLUEJET.NS,SELL,752.6758422851562,205,0.0047304905253311436
2025-02-28,LAURUSLABS.NS,SELL,526.047119140625,264,-0.0973375994302561
2025-02-28,NAVINFLUOR.NS,SELL,3752.83251953125,37,-0.09314971676418571
2025-02-28,SRF.NS,SELL,2786.597900390625,55,-0.003924121320503571
2025-02-28,SBICARD.NS,SELL,838.7999877929688,198,0.0810924408089082
2025-02-28,RVNL.NS,SELL,329.6365661621094,326,-0.3021204648459417
2025-02-28,BAJFINANCE.NS,SELL,847.7987060546875,196,0.08182530460165793
2025-02-28,ZENSARTECH.NS,SELL,726.312255859375,180,-0.15120691188719027
2025-02-28,BDL.NS,SELL,971.547119140625,119,-0.249995665212691
2025-02-28,MINDACORP.NS,SELL,478.93353271484375,271,-0.15717486207558784
2025-02-28,UPL.NS,SELL,627.2102661132812,257,0.04836444865395695
2025-02-28,LTTS.NS,SELL,4473.990234375,28,-0.16812093149938712
2025-02-28,JKCEMENT.NS,SELL,4378.80908203125,31,-0.09214350606003607
2025-02-28,MAZDOCK.NS,SELL,2115.48193359375,62,-0.14706840057422432
2025-02-28,BAJAJFINSV.NS,SELL,1871.3883056640625,88,0.0784517704809744
2025-02-28,GODREJIND.NS,BUY,1097.5999755859375,129,0.0
2025-02-28,NH.NS,BUY,1441.10595703125,98,0.0
2025-02-28,ABBOTINDIA.NS,BUY,29978.12890625,4,0.0
2025-02-28,ANANDRATHI.NS,BUY,1988.3499755859375,71,0.0
2025-02-28,CHAMBLFERT.NS,BUY,523.0473022460938,272,0.0
2025-02-28,SHRIRAMFIN.NS,BUY,610.8209838867188,232,0.0
2025-02-28,REDINGTON.NS,BUY,219.4364471435547,648,0.0
2025-02-28,MEDANTA.NS,BUY,1149.236328125,123,0.0
2025-02-28,CHOLAHLDNG.NS,BUY,1640.769287109375,86,0.0
2025-02-28,MANAPPURAM.NS,BUY,199.43267822265625,713,0.0
2025-02-28,BLUEJET.NS,BUY,752.6758422851562,189,0.0
2025-02-28,BAJAJHLDNG.NS,BUY,11494.12890625,12,0.0
2025-02-28,UPL.NS,BUY,627.2102661132812,226,0.0
2025-02-28,SBICARD.NS,BUY,838.7999877929688,169,0.0
2025-02-28,CHOLAFIN.NS,BUY,1399.073486328125,101,0.0
2025-03-28,GODREJIND.NS,SELL,1134.1500244140625,129,0.03329997234066373
2025-03-28,NH.NS,SELL,1688.0743408203125,98,0.17137420228130185
2025-03-28,ABBOTINDIA.NS,SELL,30298.56640625,4,0.01068904270183424
2025-03-28,ANANDRATHI.NS,SELL,1900.5623779296875,71,-0.04415097881869623
2025-03-28,CHAMBLFERT.NS,SELL,613.0150146484375,272,0.1720068376531152
2025-03-28,SHRIRAMFIN.NS,SELL,649.1148681640625,232,0.06269248321116239
2025-03-28,REDINGTON.NS,SELL,237.66085815429688,648,0.08305097556934027
2025-03-28,MEDANTA.NS,SELL,1197.868896484375,123,0.04231729120390759
2025-03-28,CHOLAHLDNG.NS,SELL,1750.2437744140625,86,0.06672143863538182
2025-03-28,MANAPPURAM.NS,SELL,230.98104858398438,713,0.15819057660202507
2025-03-28,BLUEJET.NS,SELL,883.2960205078125,189,0.17354107955170694
2025-03-28,BAJAJHLDNG.NS,SELL,12386.6015625,12,0.07764595851754486
2025-03-28,UPL.NS,SELL,630.4803466796875,226,0.005213691074717808
2025-03-28,SBICARD.NS,SELL,881.0999755859375,169,0.050429170730280415
2025-03-28,CHOLAFIN.NS,SELL,1518.130859375,101,0.08509729775477459
2025-03-28,HEG.NS,BUY,481.1357421875,318,0.0
2025-03-28,FORCEMOT.NS,BUY,9025.8232421875,16,0.0
2025-03-28,MAHSCOOTER.NS,BUY,11076.4677734375,13,0.0
2025-03-28,ASTERDM.NS,BUY,482.69549560546875,317,0.0
2025-03-28,DCMSHRIRAM.NS,BUY,1069.94189453125,143,0.0
2025-03-28,AAVAS.NS,BUY,2084.050048828125,73,0.0
2025-03-28,ASTRAZEN.NS,BUY,8578.3291015625,17,0.0
2025-03-28,NAVA.NS,BUY,510.7870788574219,299,0.0
2025-03-28,KIMS.NS,BUY,639.5999755859375,239,0.0
2025-03-28,RPOWER.NS,BUY,42.97999954223633,3562,0.0
2025-03-28,JSWINFRA.NS,BUY,318.9828796386719,480,0.0
2025-03-28,BALRAMCHIN.NS,BUY,543.3834838867188,281,0.0
2025-03-28,TARIL.NS,BUY,535.9777221679688,285,0.0
2025-03-28,SARDAEN.NS,BUY,512.6134643554688,298,0.0
2025-03-28,BDL.NS,BUY,1276.33837890625,119,0.0
2025-04-30,HEG.NS,SELL,464.6943359375,318,-0.034172074132860275
2025-04-30,FORCEMOT.NS,SELL,8894.36328125,16,-0.014564872079816937
2025-04-30,MAHSCOOTER.NS,SELL,11323.6650390625,13,0.02231733714043793
2025-04-30,ASTERDM.NS,SELL,504.10980224609375,317,0.04436400761056203
2025-04-30,DCMSHRIRAM.NS,SELL,991.3680419921875,143,-0.07343749500853625
2025-04-30,AAVAS.NS,SELL,1942.9000244140625,73,-0.0677287114546179
2025-04-30,ASTRAZEN.NS,SELL,8651.4287109375,17,0.008521427484250443
2025-04-30,NAVA.NS,SELL,447.9664611816406,299,-0.1229878755279098
2025-04-30,KIMS.NS,SELL,656.8499755859375,239,0.0269699822677405
2025-04-30,RPOWER.NS,SELL,39.9900016784668,3562,-0.06956719161505032
2025-04-30,JSWINFRA.NS,SELL,292.8996887207031,480,-0.08176987726587237
2025-04-30,BALRAMCHIN.NS,SELL,546.7579345703125,281,0.006210072230125485
2025-04-30,TARIL.NS,SELL,494.74481201171875,285,-0.07693026864897967
2025-04-30,SARDAEN.NS,SELL,450.8683776855469,298,-0.12045155065826585
2025-04-30,BDL.NS,SELL,1523.5579833984375,119,0.1936944062624213
2025-04-30,SBILIFE.NS,BUY,1765.800048828125,84,0.0
2025-04-30,CEATLTD.NS,BUY,3300.85888671875,45,0.0
2025-04-30,CHOICEIN.NS,BUY,610.2000122070312,244,0.0
2025-04-30,GRSE.NS,BUY,1903.6297607421875,78,0.0
2025-04-30,DATAPATTNS.NS,BUY,2479.16162109375,60,0.0
2025-04-30,PNBHOUSING.NS,BUY,1005.0783081054688,148,0.0
2025-04-30,RBLBANK.NS,BUY,199.64401245117188,748,0.0
2025-04-30,AUBANK.NS,BUY,677.7640991210938,220,0.0
2025-04-30,HOMEFIRST.NS,BUY,1225.5072021484375,121,0.0
2025-04-30,SBFC.NS,BUY,102.25,1461,0.0
2025-04-30,DALBHARAT.NS,BUY,1934.3060302734375,77,0.0
2025-04-30,MRF.NS,BUY,134295.0625,1,0.0
2025-04-30,TATACONSUM.NS,BUY,1157.223388671875,129,0.0
2025-04-30,SOLARINDS.NS,BUY,13164.12109375,11,0.0
2025-04-30,RELIANCE.NS,BUY,1399.410888671875,106,0.0
2025-05-30,SBILIFE.NS,SELL,1812.199951171875,84,0.026276985536693998
2025-05-30,CEATLTD.NS,SELL,3743.384033203125,45,0.13406363666890075
2025-05-30,CHOICEIN.NS,SELL,701.5499877929688,244,0.14970497174448405
2025-05-30,GRSE.NS,SELL,2982.254150390625,78,0.5666145864560885
2025-05-30,DATAPATTNS.NS,SELL,2839.679931640625,60,0.14541944642875793
2025-05-30,PNBHOUSING.NS,SELL,1039.6024169921875,148,0.034349670675706045
2025-05-30,RBLBANK.NS,SELL,212.2980194091797,748,0.06338285232121699
2025-05-30,AUBANK.NS,SELL,692.1963500976562,220,0.021293914793182322
2025-05-30,HOMEFIRST.NS,SELL,1274.800048828125,121,0.04022240472620009
2025-05-30,SBFC.NS,SELL,112.91999816894531,1461,0.10435206033198341
2025-05-30,DALBHARAT.NS,SELL,2007.6876220703125,77,0.03793690897324131
2025-05-30,MRF.NS,SELL,138648.265625,1,0.03241521351538901
2025-05-30,TATACONSUM.NS,SELL,1106.300048828125,129,-0.04400476203837689
2025-05-30,SOLARINDS.NS,SELL,16094.3671875,11,0.2225933712461221
2025-05-30,RELIANCE.NS,SELL,1415.2476806640625,106,0.011316756301087194
2025-05-30,IFCI.NS,BUY,67.41999816894531,2442,0.0
2025-05-30,MMTC.NS,BUY,85.7699966430664,1920,0.0
2025-05-30,ITI.NS,BUY,346.6000061035156,475,0.0
2025-05-30,RPOWER.NS,BUY,58.099998474121094,2834,0.0
2025-05-30,CCL.NS,BUY,876.6566772460938,187,0.0
2025-05-30,BEML.NS,BUY,2111.429931640625,77,0.0
2025-05-30,GVT&D.NS,BUY,2237.30078125,73,0.0
2025-05-30,SCHNEIDER.NS,BUY,752.1500244140625,218,0.0
2025-05-30,TECHNOE.NS,BUY,1401.132568359375,117,0.0
2025-05-30,GRSE.NS,BUY,2982.254150390625,55,0.0
2025-05-30,BAYERCROP.NS,BUY,5532.921875,29,0.0
2025-05-30,ZENTEC.NS,BUY,2136.789306640625,77,0.0
2025-05-30,INTELLECT.NS,BUY,1165.697021484375,141,0.0
2025-05-30,POWERINDIA.NS,BUY,19292.404296875,8,0.0
2025-05-30,AIIL.NS,BUY,475.8399963378906,346,0.0
2025-06-30,IFCI.NS,SELL,65.16999816894531,2442,-0.03337288729023413
2025-06-30,MMTC.NS,SELL,72.7699966430664,1920,-0.15156815330306894
2025-06-30,ITI.NS,SELL,336.6499938964844,475,-0.028707478453014135
2025-06-30,RPOWER.NS,SELL,70.29000091552734,2834,0.20981071878746982
2025-06-30,CCL.NS,SELL,842.3499145507812,187,-0.03913363530530889
2025-06-30,BEML.NS,SELL,2224.88525390625,77,0.05373387985338818
2025-06-30,GVT&D.NS,SELL,2356.781982421875,73,0.05340417442893841
2025-06-30,SCHNEIDER.NS,SELL,832.4000244140625,218,0.10669413999223898
2025-06-30,TECHNOE.NS,SELL,1590.2625732421875,117,0.13498366189879518
2025-06-30,GRSE.NS,SELL,2994.170166015625,55,0.003995640553786872
2025-06-30,BAYERCROP.NS,SELL,6133.34619140625,29,0.10851848805587005
2025-06-30,ZENTEC.NS,SELL,1978.512451171875,77,-0.07407227983445241
2025-06-30,INTELLECT.NS,SELL,1142.1851806640625,141,-0.020169770006251753
2025-06-30,POWERINDIA.NS,SELL,20001.19921875,8,0.036739584707428774
2025-06-30,AIIL.NS,SELL,526.1400146484375,346,0.1057078402355005
2025-06-30,KIRLOSBROS.NS,BUY,2349.313232421875,72,0.0
2025-06-30,ALKYLAMINE.NS,BUY,2368.0,71,0.0
2025-06-30,JMFINANCIL.NS,BUY,157.78900146484375,1075,0.0
2025-06-30,NH.NS,BUY,2165.30029296875,78,0.0
2025-06-30,EIDPARRY.NS,BUY,1110.0,152,0.0
2025-06-30,LTFOODS.NS,BUY,483.1048889160156,351,0.0
2025-06-30,ABBOTINDIA.NS,BUY,35180.02734375,4,0.0
2025-06-30,USHAMART.NS,BUY,363.6912536621094,466,0.0
2025-06-30,HSCL.NS,BUY,517.7999877929688,327,0.0
2025-06-30,MCX.NS,BUY,1781.9942626953125,95,0.0
2025-06-30,NUVAMA.NS,BUY,1569.05322265625,108,0.0
2025-06-30,FORCEMOT.NS,BUY,16041.5849609375,10,0.0
2025-06-30,SAMMAANCAP.NS,BUY,142.3699951171875,1192,0.0
2025-06-30,APLLTD.NS,BUY,1027.6744384765625,165,0.0
2025-06-30,ENDURANCE.NS,BUY,2759.244140625,61,0.0
2025-07-31,KIRLOSBROS.NS,SELL,1970.9000244140625,72,-0.16107396952670783
2025-07-31,ALKYLAMINE.NS,SELL,2348.199951171875,71,-0.008361507106471655
2025-07-31,JMFINANCIL.NS,SELL,156.293701171875,1075,-0.009476581251462668
2025-07-31,NH.NS,SELL,1910.699951171875,78,-0.11758200126958074
2025-07-31,EIDPARRY.NS,SELL,1233.5,152,0.11126126126126135
2025-07-31,LTFOODS.NS,SELL,483.1048889160156,351,0.0
2025-07-31,ABBOTINDIA.NS,SELL,34405.0,4,-0.022030322380852008
2025-07-31,USHAMART.NS,SELL,377.6499938964844,466,0.03838074216473597
2025-07-31,HSCL.NS,SELL,473.04998779296875,327,-0.08642333150825088
2025-07-31,MCX.NS,SELL,1532.74609375,95,-0.13987035433454098
2025-07-31,NUVAMA.NS,SELL,1380.04638671875,108,-0.12045916174693572
2025-07-31,FORCEMOT.NS,SELL,16906.673828125,10,0.05392789236812057
2025-07-31,SAMMAANCAP.NS,SELL,126.87999725341797,1192,-0.10880100017577032
2025-07-31,APLLTD.NS,SELL,977.9000244140625,165,-0.04843402949312059
2025-07-31,ENDURANCE.NS,SELL,2541.699951171875,61,-0.07884195031899166
2025-07-31,SUMICHEM.NS,BUY,648.7000122070312,249,0.0
2025-07-31,LAURUSLABS.NS,BUY,873.6290893554688,185,0.0
2025-07-31,HEG.NS,BUY,571.0653076171875,283,0.0
2025-07-31,AIIL.NS,BUY,555.239990234375,291,0.0
2025-07-31,VIJAYA.NS,BUY,1072.88916015625,150,0.0
2025-07-31,TATACHEM.NS,BUY,982.5499877929688,164,0.0
2025-07-31,NUVOCO.NS,BUY,430.54998779296875,375,0.0
2025-07-31,CRAFTSMAN.NS,BUY,6752.0,23,0.0
2025-07-31,NIACL.NS,BUY,197.98207092285156,817,0.0
2025-07-31,ECLERX.NS,BUY,3766.2578125,42,0.0
2025-07-31,OLECTRA.NS,BUY,1408.661376953125,114,0.0
2025-07-31,AADHARHFC.NS,BUY,507.04998779296875,319,0.0
2025-07-31,FORCEMOT.NS,BUY,16906.673828125,9,0.0
2025-07-31,APARINDS.NS,BUY,8907.5,18,0.0
2025-07-31,BOSCHLTD.NS,BUY,40385.0,4,0.0
2025-08-29,SUMICHEM.NS,SELL,566.1500244140625,249,-0.1272544878057179
2025-08-29,LAURUSLABS.NS,SELL,856.1935424804688,185,-0.019957607968231983
2025-08-29,HEG.NS,SELL,462.0,283,-0.1909857001684634
2025-08-29,AIIL.NS,SELL,646.5800170898438,291,0.16450549035006068
2025-08-29,VIJAYA.NS,SELL,1007.7999877929688,150,-0.06066719171046708
2025-08-29,TATACHEM.NS,SELL,920.7000122070312,164,-0.06294842639494269
2025-08-29,NUVOCO.NS,SELL,456.04998779296875,375,0.05922657234463036
2025-08-29,CRAFTSMAN.NS,SELL,6912.5,23,0.023770734597156506
2025-08-29,NIACL.NS,SELL,186.5657501220703,817,-0.05766340733565667
2025-08-29,ECLERX.NS,SELL,4221.2998046875,42,0.12082072307350833
2025-08-29,OLECTRA.NS,SELL,1541.829345703125,114,0.09453511747304155
2025-08-29,AADHARHFC.NS,SELL,502.95001220703125,319,-0.008085939620634641
2025-08-29,FORCEMOT.NS,SELL,19434.095703125,9,0.14949255546620432
2025-08-29,APARINDS.NS,SELL,7732.0,18,-0.1319674431658715
2025-08-29,BOSCHLTD.NS,SELL,39960.0,4,-0.010523709298006723
2025-08-29,GPIL.NS,BUY,232.3800048828125,693,0.0
2025-08-29,ECLERX.NS,BUY,4221.2998046875,38,0.0
2025-08-29,GODFRYPHLP.NS,BUY,3647.26123046875,44,0.0
2025-08-29,LEMONTREE.NS,BUY,165.8300018310547,971,0.0
2025-08-29,MARUTI.NS,BUY,14791.0,10,0.0
2025-08-29,HYUNDAI.NS,BUY,2460.39990234375,65,0.0
2025-08-29,NETWEB.NS,BUY,2207.60009765625,72,0.0
2025-08-29,JSL.NS,BUY,762.0069580078125,211,0.0
2025-08-29,NAVA.NS,BUY,683.7993774414062,235,0.0
2025-08-29,HEROMOTOCO.NS,BUY,4990.4296875,32,0.0
2025-08-29,OLECTRA.NS,BUY,1541.829345703125,104,0.0
2025-08-29,UNOMINDA.NS,BUY,1278.0650634765625,126,0.0
2025-08-29,EICHERMOT.NS,BUY,6103.0,26,0.0
2025-08-29,HINDUNILVR.NS,BUY,2639.054443359375,61,0.0
2025-08-29,SARDAEN.NS,BUY,598.3499755859375,269,0.0
2025-09-30,GPIL.NS,SELL,244.8000030517578,693,0.05344693135370493
2025-09-30,ECLERX.NS,SELL,4015.699951171875,38,-0.048705342673675656
2025-09-30,GODFRYPHLP.NS,SELL,3365.02001953125,44,-0.07738442439485638
2025-09-30,LEMONTREE.NS,SELL,166.30999755859375,971,0.0028945047472657137
2025-09-30,MARUTI.NS,SELL,16029.0,10,0.08369954702183757
2025-09-30,HYUNDAI.NS,SELL,2584.39990234375,65,0.05039831121838323
2025-09-30,NETWEB.NS,SELL,3648.5,72,0.6526996913406169
2025-09-30,JSL.NS,SELL,736.8380737304688,211,-0.03302973025750999
2025-09-30,NAVA.NS,SELL,647.3519897460938,235,-0.05330128821071589
2025-09-30,HEROMOTOCO.NS,SELL,5367.87255859375,32,0.07563334116081566
2025-09-30,OLECTRA.NS,SELL,1552.9000244140625,104,0.007180223117292384
2025-09-30,UNOMINDA.NS,SELL,1297.8505859375,126,0.01548084133300498
2025-09-30,EICHERMOT.NS,SELL,7005.5,26,0.14787809274127484
2025-09-30,HINDUNILVR.NS,SELL,2494.788330078125,61,-0.054665834440916994
2025-09-30,SARDAEN.NS,SELL,539.4000244140625,269,-0.09852085497981
2025-09-30,TATAINVEST.NS,BUY,1033.050048828125,163,0.0
2025-09-30,HINDCOPPER.NS,BUY,328.91265869140625,512,0.0
2025-09-30,ANANTRAJ.NS,BUY,698.1500244140625,241,0.0
2025-09-30,SAMMAANCAP.NS,BUY,160.86000061035156,1048,0.0
2025-09-30,MINDACORP.NS,BUY,568.8729858398438,296,0.0
2025-09-30,NLCINDIA.NS,BUY,281.31317138671875,599,0.0
2025-09-30,NETWEB.NS,BUY,3648.5,46,0.0
2025-09-30,ADANIPOWER.NS,BUY,144.64999389648438,1166,0.0
2025-09-30,GMDCLTD.NS,BUY,599.0499877929688,281,0.0
2025-09-30,HINDZINC.NS,BUY,482.45001220703125,349,0.0
2025-09-30,IDEA.NS,BUY,8.130000114440918,20750,0.0
2025-09-30,USHAMART.NS,BUY,459.3500061035156,367,0.0
2025-09-30,REDINGTON.NS,BUY,283.42999267578125,595,0.0
2025-09-30,ADANIGREEN.NS,BUY,1026.8499755859375,164,0.0
2025-09-30,SCI.NS,BUY,217.21685791015625,776,0.0
2025-10-31,TATAINVEST.NS,SELL,799.0,163,-0.22656215842942706
2025-10-31,HINDCOPPER.NS,SELL,339.7053527832031,512,0.03281325241398769
2025-10-31,ANANTRAJ.NS,SELL,644.4000244140625,241,-0.07698918301279278
2025-10-31,SAMMAANCAP.NS,SELL,188.58999633789062,1048,0.17238589843542873
2025-10-31,MINDACORP.NS,SELL,563.1287841796875,296,-0.010097511752427346
2025-10-31,NLCINDIA.NS,SELL,258.6164245605469,599,-0.08068142246695897
2025-10-31,NETWEB.NS,SELL,4037.800048828125,46,0.10670139751353291
2025-10-31,ADANIPOWER.NS,SELL,157.85000610351562,1166,0.09125484109233728
2025-10-31,GMDCLTD.NS,SELL,594.2999877929688,281,-0.007929221428582323
2025-10-31,HINDZINC.NS,SELL,476.5,349,-0.012332909226827726
2025-10-31,IDEA.NS,SELL,8.729999542236328,20750,0.07380066658666595
2025-10-31,USHAMART.NS,SELL,464.8500061035156,367,0.011973440572373928
2025-10-31,REDINGTON.NS,SELL,253.75,595,-0.10471719099161292
2025-10-31,ADANIGREEN.NS,SELL,1140.0,164,0.11019138832768371
2025-10-31,SCI.NS,SELL,253.29774475097656,776,0.16610537132317704
2025-10-31,CHENNPETRO.NS,BUY,979.3499755859375,175,0.0
2025-10-31,BLUEDART.NS,BUY,6572.0,26,0.0
2025-10-31,NAVINFLUOR.NS,BUY,5681.32080078125,30,0.0
2025-10-31,MRPL.NS,BUY,166.39999389648438,1030,0.0
2025-10-31,SAGILITY.NS,BUY,52.48753356933594,3266,0.0
2025-10-31,JKTYRE.NS,BUY,432.04998779296875,396,0.0
2025-10-31,WELCORP.NS,BUY,965.75,177,0.0
2025-10-31,RRKABEL.NS,BUY,1407.9610595703125,121,0.0
2025-10-31,SCI.NS,BUY,253.29774475097656,676,0.0
2025-10-31,IDBI.NS,BUY,103.80000305175781,1651,0.0
2025-10-31,CEATLTD.NS,BUY,4032.699951171875,42,0.0
2025-10-31,FEDERALBNK.NS,BUY,236.61000061035156,724,0.0
2025-10-31,INTELLECT.NS,BUY,1133.5,151,0.0
2025-10-31,IIFL.NS,BUY,530.6734008789062,323,0.0
2025-10-31,ECLERX.NS,BUY,4727.60009765625,36,0.0
2025-11-28,CHENNPETRO.NS,SELL,916.1500244140625,175,-0.06453254990287094
2025-11-28,BLUEDART.NS,SELL,5719.0,26,-0.12979306147291536
2025-11-28,NAVINFLUOR.NS,SELL,5735.5,30,0.009536373867728098
2025-11-28,MRPL.NS,SELL,158.05999755859375,1030,-0.0501201721382204
2025-11-28,SAGILITY.NS,SELL,50.08000183105469,3266,-0.04586863917125972
2025-11-28,JKTYRE.NS,SELL,447.0,396,0.034602505796609506
2025-11-28,WELCORP.NS,SELL,856.4000244140625,177,-0.11322803581251617
2025-11-28,RRKABEL.NS,SELL,1403.300048828125,121,-0.0033104685037311787
2025-11-28,SCI.NS,SELL,228.78244018554688,676,-0.09678453548621724
2025-11-28,IDBI.NS,SELL,100.37999725341797,1651,-0.03294803177062067
2025-11-28,CEATLTD.NS,SELL,3847.0,42,-0.04604854152809257
2025-11-28,FEDERALBNK.NS,SELL,257.9200134277344,724,0.09006387203589106
2025-11-28,INTELLECT.NS,SELL,1112.5,151,-0.018526687251874674
2025-11-28,IIFL.NS,SELL,574.4495239257812,323,0.08249164735668413
2025-11-28,ECLERX.NS,SELL,4550.7001953125,36,-0.03741854190066751
2025-11-28,WELSPUNLIV.NS,BUY,148.82000732421875,1119,0.0
2025-11-28,M&MFIN.NS,BUY,371.8500061035156,448,0.0
2025-11-28,ASHOKLEY.NS,BUY,158.1199951171875,1054,0.0
2025-11-28,LATENTVIEW.NS,BUY,498.3500061035156,334,0.0
2025-11-28,GMRAIRPORT.NS,BUY,108.3499984741211,1538,0.0
2025-11-28,ELGIEQUIP.NS,BUY,510.5,326,0.0
2025-11-28,CRAFTSMAN.NS,BUY,7024.5,23,0.0
2025-11-28,ASAHIINDIA.NS,BUY,1020.7000122070312,163,0.0
2025-11-28,AIAENG.NS,BUY,3862.60009765625,43,0.0
2025-11-28,CUB.NS,BUY,271.0799865722656,614,0.0
2025-11-28,CENTURYPLY.NS,BUY,800.7999877929688,208,0.0
2025-11-28,ASIANPAINT.NS,BUY,2874.39990234375,57,0.0
2025-11-28,JPPOWER.NS,BUY,18.790000915527344,8869,0.0
2025-11-28,IPCALAB.NS,BUY,1453.0999755859375,114,0.0
2025-11-28,BHEL.NS,BUY,290.8500061035156,573,0.0
2025-12-31,WELSPUNLIV.NS,SELL,130.57000732421875,1119,-0.12263136071644332
2025-12-31,M&MFIN.NS,SELL,403.0,448,0.08377031971276305
2025-12-31,ASHOKLEY.NS,SELL,179.19000244140625,1054,0.13325327583398372
2025-12-31,LATENTVIEW.NS,SELL,458.70001220703125,334,-0.07956254321435363
2025-12-31,GMRAIRPORT.NS,SELL,104.37000274658203,1538,-0.0367327714221396
2025-12-31,ELGIEQUIP.NS,SELL,473.75,326,-0.07198824681684624
2025-12-31,CRAFTSMAN.NS,SELL,7689.5,23,0.09466865969108129
2025-12-31,ASAHIINDIA.NS,SELL,1015.0,163,-0.005584414753465383
2025-12-31,AIAENG.NS,SELL,4017.5,43,0.0401024953211544
2025-12-31,CUB.NS,SELL,290.79998779296875,614,0.07274606093226321
2025-12-31,CENTURYPLY.NS,SELL,828.7999877929688,208,0.03496503549802599
2025-12-31,ASIANPAINT.NS,SELL,2769.5,57,-0.036494540045807766
2025-12-31,JPPOWER.NS,SELL,17.18000030517578,8869,-0.08568390270918613
2025-12-31,IPCALAB.NS,SELL,1418.9000244140625,114,-0.0235358555821904
2025-12-31,BHEL.NS,SELL,287.45001220703125,573,-0.01168985327534866
2025-12-31,HINDCOPPER.NS,BUY,517.4703369140625,321,0.0
2025-12-31,RVNL.NS,BUY,356.1316833496094,467,0.0
2025-12-31,MMTC.NS,BUY,67.2300033569336,2476,0.0
2025-12-31,HEG.NS,BUY,623.8499755859375,266,0.0
2025-12-31,IRCON.NS,BUY,176.257568359375,944,0.0
2025-12-31,RAILTEL.NS,BUY,371.54998779296875,448,0.0
2025-12-31,HINDZINC.NS,BUY,612.4500122070312,271,0.0
2025-12-31,GRAPHITE.NS,BUY,641.7000122070312,259,0.0
2025-12-31,NATIONALUM.NS,BUY,310.4128112792969,536,0.0
2025-12-31,SUNDARMFIN.NS,BUY,5266.91455078125,31,0.0
2025-12-31,TITAGARH.NS,BUY,891.9500122070312,186,0.0
2025-12-31,CRAFTSMAN.NS,BUY,7689.5,21,0.0
2025-12-31,SHRIRAMFIN.NS,BUY,996.2000122070312,167,0.0
2025-12-31,AIIL.NS,BUY,626.6799926757812,265,0.0
2025-12-31,AJANTPHARM.NS,BUY,2768.89990234375,60,0.0
2026-01-30,HINDCOPPER.NS,SELL,684.8020629882812,321,0.32336486584352353
2026-01-30,RVNL.NS,SELL,342.32501220703125,467,-0.038768443775400674
2026-01-30,MMTC.NS,SELL,65.0999984741211,2476,-0.03168235574084388
2026-01-30,HEG.NS,SELL,542.0,266,-0.13120137659548947
2026-01-30,IRCON.NS,SELL,162.71456909179688,944,-0.07683641272053088
2026-01-30,RAILTEL.NS,SELL,353.3999938964844,448,-0.04884939979219627
2026-01-30,HINDZINC.NS,SELL,628.5,271,0.02620620046219102
2026-01-30,GRAPHITE.NS,SELL,617.2999877929688,259,-0.03802403607589511
2026-01-30,NATIONALUM.NS,SELL,380.682861328125,536,0.22637612719406097
2026-01-30,SUNDARMFIN.NS,SELL,5262.12939453125,31,-0.0009085312100403087
2026-01-30,TITAGARH.NS,SELL,821.0,186,-0.07954483013176195
2026-01-30,CRAFTSMAN.NS,SELL,7317.0,21,-0.04844268157877629
2026-01-30,SHRIRAMFIN.NS,SELL,1020.0,167,0.023890772436592433
2026-01-30,AIIL.NS,SELL,505.20001220703125,265,-0.19384691052614922
2026-01-30,AJANTPHARM.NS,SELL,2781.89990234375,60,0.004695005402324703
2026-01-30,OIL.NS,BUY,502.36688232421875,329,0.0
2026-01-30,KARURVYSYA.NS,BUY,301.3999938964844,549,0.0
2026-01-30,ABB.NS,BUY,5578.5,29,0.0
2026-01-30,ONGC.NS,BUY,262.77642822265625,630,0.0
2026-01-30,HINDCOPPER.NS,BUY,684.8020629882812,241,0.0
2026-01-30,MCX.NS,BUY,2528.0,65,0.0
2026-01-30,MRPL.NS,BUY,176.5399932861328,937,0.0
2026-01-30,NATIONALUM.NS,BUY,380.682861328125,434,0.0
2026-01-30,VEDL.NS,BUY,681.5499877929688,242,0.0
2026-01-30,AXISBANK.NS,BUY,1370.4000244140625,120,0.0
2026-01-30,BEL.NS,BUY,449.0,368,0.0
2026-01-30,BANKINDIA.NS,BUY,164.10000610351562,1008,0.0
2026-01-30,UNIONBANK.NS,BUY,180.75999450683594,915,0.0
2026-01-30,COALINDIA.NS,BUY,434.9994812011719,380,0.0
2026-01-30,APLAPOLLO.NS,BUY,2045.699951171875,80,0.0
2026-02-27,OIL.NS,SELL,483.8999938964844,329,-0.03675976478046605
2026-02-27,KARURVYSYA.NS,SELL,326.20001220703125,549,0.08228274324074603
2026-02-27,ABB.NS,SELL,6073.0,29,0.0886439006901496
2026-02-27,ONGC.NS,SELL,279.70001220703125,630,0.06440297593981792
2026-02-27,HINDCOPPER.NS,SELL,566.2999877929688,241,-0.17304573335863382
2026-02-27,MCX.NS,SELL,2443.300048828125,65,-0.03350472752052014
2026-02-27,MRPL.NS,SELL,196.64999389648438,937,0.11391186912394202
2026-02-27,NATIONALUM.NS,SELL,354.6000061035156,434,-0.06851596926011216
2026-02-27,VEDL.NS,SELL,718.4000244140625,242,0.05406798808759938
2026-02-27,AXISBANK.NS,SELL,1383.9000244140625,120,0.00985113817826444
2026-02-27,BEL.NS,SELL,444.70001220703125,368,-0.009576810229329102
2026-02-27,BANKINDIA.NS,SELL,176.0500030517578,1008,0.07282142902971023
2026-02-27,UNIONBANK.NS,SELL,202.27000427246094,915,0.11899762347476472
2026-02-27,COALINDIA.NS,SELL,430.6499938964844,380,-0.00999883331510465
2026-02-27,APLAPOLLO.NS,SELL,2234.60009765625,80,0.0923401041174996
2026-02-27,FINCABLES.NS,BUY,913.7000122070312,185,0.0
2026-02-27,SCHAEFFLER.NS,BUY,4357.2001953125,38,0.0
2026-02-27,J&KBANK.NS,BUY,121.38999938964844,1396,0.0
2026-02-27,APARINDS.NS,BUY,11180.5,15,0.0
2026-02-27,REDINGTON.NS,BUY,280.45001220703125,604,0.0
2026-02-27,NATCOPHARM.NS,BUY,988.5,171,0.0
2026-02-27,NETWEB.NS,BUY,3861.39990234375,43,0.0
2026-02-27,VTL.NS,BUY,542.5499877929688,312,0.0
2026-02-27,SCHNEIDER.NS,BUY,906.4500122070312,187,0.0
2026-02-27,ENGINERSIN.NS,BUY,221.75,764,0.0
2026-02-27,FORCEMOT.NS,BUY,24341.0,6,0.0
2026-02-27,SARDAEN.NS,BUY,551.5999755859375,307,0.0
2026-02-27,BANDHANBNK.NS,BUY,181.97999572753906,931,0.0
2026-02-27,DATAPATTNS.NS,BUY,3210.199951171875,52,0.0
2026-02-27,KIMS.NS,BUY,745.0499877929688,227,0.0
